Customer_ID,Customer_Type,Country,Loyalty_Status
C000001,Couple,India,Regular
C000002,Group,India,Regular
C000003,Family,UAE,New
C000004,Family,India,Silver
C000005,Individual,Singapore,Regular
C000006,Individual,India,Gold
C000007,Individual,UK,New
C000008,Business,UAE,Silver
C000009,Family,India,Silver
C000010,Family,India,Silver
C000011,Individual,India,Gold
C000012,Group,USA,Silver
C000013,Business,India,Platinum
C000014,Individual,India,Regular
C000015,Individual,India,Regular
C000016,Individual,India,New
C000017,Individual,India,New
C000018,Couple,India,New
C000019,Couple,India,New
C000020,Individual,UAE,New
C000021,Family,India,New
C000022,Individual,India,New
C000023,Individual,Canada,Gold
C000024,Couple,USA,New
C000025,Couple,Australia,Silver
C000026,Business,India,New
C000027,Individual,India,Gold
C000028,Couple,India,Gold
C000029,Family,USA,Silver
C000030,Individual,India,Silver
C000031,Family,India,New
C000032,Individual,India,Platinum
C000033,Individual,India,Gold
C000034,Group,India,Gold
C000035,Group,India,Silver
C000036,Business,India,Regular
C000037,Individual,India,Gold
C000038,Individual,Canada,New
C000039,Family,USA,Regular
C000040,Couple,Australia,New
C000041,Individual,UK,Platinum
C000042,Couple,India,New
C000043,Individual,India,New
C000044,Group,India,Regular
C000045,Individual,India,Silver
C000046,Family,India,Silver
C000047,Individual,India,New
C000048,Couple,India,New
C000049,Couple,India,Silver
C000050,Individual,India,Platinum
C000051,Group,India,Gold
C000052,Business,UK,Regular
C000053,Group,India,Gold
C000054,Business,India,Regular
C000055,Family,India,Regular
C000056,Group,India,Regular
C000057,Individual,India,Regular
C000058,Individual,India,Silver
C000059,Individual,India,Regular
C000060,Individual,India,Regular
C000061,Couple,Australia,New
C000062,Individual,Australia,New
C000063,Business,India,Regular
C000064,Couple,India,New
C000065,Individual,USA,New
C000066,Couple,India,Silver
C000067,Individual,India,Silver
C000068,Business,India,Silver
C000069,Individual,Australia,Regular
C000070,Group,India,Gold
C000071,Business,India,Platinum
C000072,Individual,USA,Gold
C000073,Individual,India,Silver
C000074,Business,India,Regular
C000075,Family,Germany,Platinum
C000076,Family,India,New
C000077,Business,India,New
C000078,Individual,India,Regular
C000079,Couple,India,New
C000080,Individual,India,Platinum
C000081,Business,India,Regular
C000082,Family,India,Regular
C000083,Individual,UAE,Silver
C000084,Individual,India,Regular
C000085,Individual,India,New
C000086,Individual,India,Silver
C000087,Family,UK,Silver
C000088,Family,India,Regular
C000089,Business,India,Silver
C000090,Couple,India,New
C000091,Individual,India,New
C000092,Family,India,New
C000093,Business,UAE,Regular
C000094,Couple,India,Gold
C000095,Business,India,Gold
C000096,Couple,India,Regular
C000097,Couple,UAE,Regular
C000098,Couple,India,Silver
C000099,Individual,India,New
C000100,Individual,India,New
C000101,Individual,India,Platinum
C000102,Family,India,Silver
C000103,Individual,India,Platinum
C000104,Couple,India,Regular
C000105,Group,India,Silver
C000106,Individual,India,New
C000107,Couple,India,New
C000108,Business,India,Regular
C000109,Individual,UK,Regular
C000110,Individual,Canada,New
C000111,Individual,Germany,New
C000112,Individual,Singapore,New
C000113,Group,India,Silver
C000114,Business,USA,Regular
C000115,Family,India,New
C000116,Business,India,New
C000117,Business,India,New
C000118,Individual,India,Silver
C000119,Business,USA,New
C000120,Couple,India,Silver
C000121,Business,India,New
C000122,Business,Australia,New
C000123,Individual,India,Gold
C000124,Individual,India,Silver
C000125,Individual,Australia,New
C000126,Couple,India,Gold
C000127,Business,India,Regular
C000128,Business,India,Gold
C000129,Individual,India,Silver
C000130,Couple,UAE,Silver
C000131,Couple,India,Platinum
C000132,Individual,India,New
C000133,Individual,India,Silver
C000134,Individual,India,Regular
C000135,Group,Canada,New
C000136,Individual,India,New
C000137,Couple,India,New
C000138,Family,India,Silver
C000139,Couple,India,Regular
C000140,Group,Australia,Regular
C000141,Group,India,New
C000142,Individual,India,Regular
C000143,Couple,India,Platinum
C000144,Individual,UK,Regular
C000145,Individual,India,Silver
C000146,Individual,Singapore,Silver
C000147,Family,India,Gold
C000148,Couple,Singapore,Regular
C000149,Individual,India,Gold
C000150,Individual,India,Regular
C000151,Group,India,Gold
C000152,Individual,India,New
C000153,Individual,Australia,New
C000154,Couple,UK,New
C000155,Group,India,Gold
C000156,Individual,India,Regular
C000157,Family,India,New
C000158,Business,USA,New
C000159,Individual,India,Gold
C000160,Family,India,Gold
C000161,Couple,India,Regular
C000162,Family,India,Silver
C000163,Family,India,Regular
C000164,Couple,India,Regular
C000165,Individual,India,Gold
C000166,Business,Germany,New
C000167,Individual,India,Regular
C000168,Individual,India,Regular
C000169,Individual,India,Regular
C000170,Family,UK,Regular
C000171,Family,India,Regular
C000172,Individual,India,New
C000173,Couple,India,Regular
C000174,Individual,India,New
C000175,Family,India,New
C000176,Individual,UAE,New
C000177,Family,Singapore,Silver
C000178,Couple,India,Regular
C000179,Group,India,Silver
C000180,Individual,Australia,Silver
C000181,Individual,India,Silver
C000182,Individual,UAE,Regular
C000183,Group,India,Regular
C000184,Business,Australia,Regular
C000185,Individual,USA,Silver
C000186,Family,Canada,Regular
C000187,Business,India,Gold
C000188,Couple,India,Gold
C000189,Couple,Australia,New
C000190,Individual,India,New
C000191,Individual,India,Silver
C000192,Business,USA,Regular
C000193,Group,UK,New
C000194,Family,Australia,Gold
C000195,Individual,India,New
C000196,Individual,UK,Platinum
C000197,Family,USA,Silver
C000198,Business,India,Silver
C000199,Business,India,New
C000200,Business,India,New
C000201,Family,India,Regular
C000202,Individual,Germany,New
C000203,Individual,India,Regular
C000204,Business,USA,Regular
C000205,Family,Germany,New
C000206,Individual,India,New
C000207,Individual,UK,Gold
C000208,Family,India,New
C000209,Individual,Singapore,New
C000210,Individual,India,Silver
C000211,Couple,Canada,Platinum
C000212,Family,India,Regular
C000213,Family,India,New
C000214,Individual,USA,Regular
C000215,Family,India,Gold
C000216,Individual,India,Gold
C000217,Individual,India,Silver
C000218,Family,USA,Regular
C000219,Family,India,Regular
C000220,Business,India,New
C000221,Family,India,Silver
C000222,Couple,India,Silver
C000223,Individual,India,Platinum
C000224,Couple,India,New
C000225,Individual,India,New
C000226,Individual,India,Regular
C000227,Group,India,Silver
C000228,Couple,Singapore,Gold
C000229,Business,India,New
C000230,Family,India,New
C000231,Business,India,Regular
C000232,Couple,India,Regular
C000233,Family,USA,Gold
C000234,Couple,India,Regular
C000235,Individual,India,Gold
C000236,Family,India,Regular
C000237,Individual,India,Silver
C000238,Individual,India,Regular
C000239,Family,India,Gold
C000240,Individual,India,New
C000241,Group,Germany,Regular
C000242,Group,India,New
C000243,Group,India,Regular
C000244,Couple,Australia,Regular
C000245,Individual,USA,New
C000246,Group,India,Platinum
C000247,Couple,UK,New
C000248,Group,Singapore,Gold
C000249,Group,India,Platinum
C000250,Business,India,New
C000251,Individual,India,Silver
C000252,Couple,Canada,New
C000253,Business,India,New
C000254,Individual,India,Regular
C000255,Individual,Singapore,Platinum
C000256,Couple,India,New
C000257,Group,India,Regular
C000258,Family,India,Regular
C000259,Family,India,Gold
C000260,Individual,Singapore,New
C000261,Family,India,Silver
C000262,Group,UAE,Silver
C000263,Individual,India,Silver
C000264,Couple,India,Platinum
C000265,Business,Germany,Gold
C000266,Family,India,New
C000267,Family,India,Regular
C000268,Family,India,Regular
C000269,Couple,UAE,Regular
C000270,Individual,India,Regular
C000271,Business,India,Regular
C000272,Business,India,Regular
C000273,Business,India,Platinum
C000274,Group,UK,New
C000275,Couple,India,Platinum
C000276,Couple,India,Regular
C000277,Business,India,Silver
C000278,Family,India,Gold
C000279,Family,Australia,Regular
C000280,Business,India,Regular
C000281,Business,Germany,Regular
C000282,Individual,India,Regular
C000283,Couple,India,Platinum
C000284,Individual,Singapore,Gold
C000285,Family,India,New
C000286,Individual,USA,New
C000287,Couple,Germany,Regular
C000288,Couple,India,New
C000289,Individual,India,Silver
C000290,Family,USA,New
C000291,Individual,India,Regular
C000292,Individual,India,New
C000293,Business,India,Regular
C000294,Couple,India,Silver
C000295,Individual,UK,Regular
C000296,Couple,India,Platinum
C000297,Business,India,Gold
C000298,Individual,India,Regular
C000299,Family,India,New
C000300,Individual,India,Gold
C000301,Individual,UK,Gold
C000302,Couple,India,Gold
C000303,Couple,UK,New
C000304,Family,Singapore,Platinum
C000305,Family,India,New
C000306,Group,India,Silver
C000307,Couple,India,Gold
C000308,Individual,India,New
C000309,Business,Singapore,Gold
C000310,Individual,Singapore,Regular
C000311,Couple,India,Platinum
C000312,Individual,India,New
C000313,Individual,Australia,Platinum
C000314,Group,Canada,New
C000315,Business,India,Silver
C000316,Family,India,Regular
C000317,Couple,India,Regular
C000318,Individual,Canada,New
C000319,Individual,India,Silver
C000320,Individual,India,New
C000321,Couple,India,Regular
C000322,Family,India,New
C000323,Family,India,Platinum
C000324,Individual,Germany,New
C000325,Group,India,New
C000326,Family,India,New
C000327,Couple,India,Regular
C000328,Family,India,New
C000329,Couple,India,Regular
C000330,Individual,India,Gold
C000331,Couple,India,Silver
C000332,Business,India,Regular
C000333,Individual,India,New
C000334,Individual,India,Silver
C000335,Individual,Canada,New
C000336,Individual,Canada,Gold
C000337,Business,India,New
C000338,Family,India,Regular
C000339,Couple,Australia,Regular
C000340,Individual,India,Gold
C000341,Couple,UAE,New
C000342,Couple,Canada,Regular
C000343,Individual,India,New
C000344,Couple,India,Silver
C000345,Couple,Canada,Gold
C000346,Family,India,Regular
C000347,Family,India,Regular
C000348,Individual,India,Platinum
C000349,Couple,India,Regular
C000350,Family,India,Regular
C000351,Couple,USA,Regular
C000352,Business,Germany,Silver
C000353,Family,India,New
C000354,Individual,India,Gold
C000355,Individual,India,Regular
C000356,Family,India,New
C000357,Individual,India,Gold
C000358,Family,Germany,Regular
C000359,Group,UAE,New
C000360,Family,India,Silver
C000361,Couple,India,Gold
C000362,Family,India,Gold
C000363,Couple,India,Platinum
C000364,Couple,India,Gold
C000365,Group,India,New
C000366,Couple,Germany,Regular
C000367,Group,India,Gold
C000368,Group,India,Regular
C000369,Individual,UK,Silver
C000370,Individual,India,Silver
C000371,Individual,India,Regular
C000372,Individual,India,Gold
C000373,Individual,India,Regular
C000374,Family,UK,Regular
C000375,Individual,India,Platinum
C000376,Individual,UK,Regular
C000377,Business,India,New
C000378,Individual,India,Regular
C000379,Business,UK,Gold
C000380,Individual,India,Silver
C000381,Individual,India,Gold
C000382,Family,India,Silver
C000383,Family,India,New
C000384,Business,India,Gold
C000385,Family,India,Gold
C000386,Business,India,New
C000387,Individual,India,New
C000388,Individual,Canada,Platinum
C000389,Business,India,Gold
C000390,Business,Singapore,Gold
C000391,Group,India,Gold
C000392,Couple,India,Regular
C000393,Couple,Singapore,Silver
C000394,Business,India,Regular
C000395,Individual,USA,New
C000396,Group,India,Silver
C000397,Business,India,Regular
C000398,Couple,India,Silver
C000399,Business,India,Regular
C000400,Business,Singapore,Regular
C000401,Individual,India,New
C000402,Group,Canada,New
C000403,Couple,Canada,New
C000404,Business,India,New
C000405,Individual,India,Platinum
C000406,Business,Singapore,New
C000407,Couple,Canada,New
C000408,Individual,India,Regular
C000409,Group,India,Silver
C000410,Individual,India,New
C000411,Individual,India,Gold
C000412,Group,India,Gold
C000413,Group,USA,New
C000414,Family,India,New
C000415,Family,India,Platinum
C000416,Couple,India,Gold
C000417,Individual,India,Silver
C000418,Individual,India,New
C000419,Family,India,Regular
C000420,Business,India,Regular
C000421,Business,India,New
C000422,Business,India,Regular
C000423,Individual,Germany,Silver
C000424,Couple,India,Regular
C000425,Individual,India,Gold
C000426,Couple,India,Gold
C000427,Couple,Germany,Regular
C000428,Business,India,Gold
C000429,Couple,India,New
C000430,Individual,USA,Gold
C000431,Individual,India,New
C000432,Business,India,New
C000433,Family,India,Silver
C000434,Individual,India,Regular
C000435,Individual,India,Gold
C000436,Family,USA,Regular
C000437,Individual,India,New
C000438,Business,UAE,Regular
C000439,Family,India,Regular
C000440,Individual,UAE,Regular
C000441,Individual,India,Silver
C000442,Group,India,Silver
C000443,Couple,India,Gold
C000444,Couple,Canada,Platinum
C000445,Business,India,New
C000446,Group,India,Silver
C000447,Group,India,Regular
C000448,Business,India,Silver
C000449,Couple,India,Regular
C000450,Individual,India,Platinum
C000451,Business,India,Silver
C000452,Couple,India,Platinum
C000453,Couple,India,Gold
C000454,Group,India,Gold
C000455,Individual,USA,Gold
C000456,Couple,India,Regular
C000457,Individual,India,New
C000458,Couple,India,Regular
C000459,Individual,Germany,New
C000460,Individual,Canada,Regular
C000461,Individual,UK,Regular
C000462,Family,India,Regular
C000463,Family,India,Platinum
C000464,Family,India,Gold
C000465,Group,India,New
C000466,Couple,India,Regular
C000467,Individual,UK,Regular
C000468,Business,UAE,Regular
C000469,Individual,UAE,Gold
C000470,Group,India,Regular
C000471,Individual,India,Regular
C000472,Group,India,Gold
C000473,Individual,India,Gold
C000474,Business,USA,New
C000475,Couple,India,Silver
C000476,Group,India,Regular
C000477,Individual,India,New
C000478,Couple,India,New
C000479,Group,UK,Regular
C000480,Couple,India,Regular
C000481,Family,UAE,New
C000482,Family,India,Silver
C000483,Couple,India,Silver
C000484,Family,USA,New
C000485,Family,India,New
C000486,Group,Germany,Gold
C000487,Individual,India,New
C000488,Individual,India,Platinum
C000489,Group,India,Silver
C000490,Business,Australia,Regular
C000491,Couple,India,New
C000492,Family,USA,New
C000493,Individual,India,New
C000494,Individual,India,New
C000495,Couple,India,Silver
C000496,Couple,India,New
C000497,Family,India,Regular
C000498,Individual,Singapore,Regular
C000499,Group,India,New
C000500,Group,India,New
C000501,Family,India,New
C000502,Couple,India,New
C000503,Individual,India,Silver
C000504,Business,India,Regular
C000505,Family,India,Gold
C000506,Individual,India,Regular
C000507,Group,India,Regular
C000508,Business,India,Regular
C000509,Group,India,Silver
C000510,Family,India,New
C000511,Family,India,New
C000512,Couple,Australia,Regular
C000513,Group,Singapore,Regular
C000514,Business,USA,Regular
C000515,Individual,India,Silver
C000516,Individual,UK,Regular
C000517,Couple,UK,Silver
C000518,Business,UK,Regular
C000519,Group,India,Silver
C000520,Individual,India,Silver
C000521,Family,UAE,Regular
C000522,Couple,India,Silver
C000523,Group,India,Gold
C000524,Business,India,Regular
C000525,Business,India,Regular
C000526,Couple,India,Silver
C000527,Couple,India,Regular
C000528,Individual,India,New
C000529,Individual,India,Gold
C000530,Business,India,New
C000531,Business,India,Silver
C000532,Group,India,Silver
C000533,Group,India,Platinum
C000534,Couple,UK,New
C000535,Business,India,Regular
C000536,Group,India,Regular
C000537,Business,India,Regular
C000538,Individual,Singapore,New
C000539,Couple,India,Regular
C000540,Individual,India,Regular
C000541,Group,India,New
C000542,Family,India,Silver
C000543,Individual,Singapore,Silver
C000544,Family,UAE,Silver
C000545,Family,India,Gold
C000546,Couple,India,Regular
C000547,Individual,India,Platinum
C000548,Family,India,Gold
C000549,Couple,India,New
C000550,Business,India,New
C000551,Couple,India,Regular
C000552,Business,India,Regular
C000553,Couple,Canada,Regular
C000554,Couple,India,Regular
C000555,Business,UAE,Silver
C000556,Couple,USA,Regular
C000557,Individual,India,New
C000558,Individual,USA,Gold
C000559,Business,India,Regular
C000560,Family,India,Platinum
C000561,Family,India,New
C000562,Individual,Germany,Platinum
C000563,Individual,India,New
C000564,Individual,India,New
C000565,Couple,Australia,New
C000566,Family,India,Silver
C000567,Couple,India,Gold
C000568,Couple,USA,Regular
C000569,Group,UAE,Platinum
C000570,Individual,Germany,Regular
C000571,Couple,Germany,Silver
C000572,Business,India,Gold
C000573,Couple,UAE,New
C000574,Family,India,Regular
C000575,Business,India,Gold
C000576,Group,India,Gold
C000577,Individual,India,Platinum
C000578,Group,Germany,Gold
C000579,Couple,Australia,New
C000580,Individual,India,Gold
C000581,Couple,India,Regular
C000582,Group,India,Platinum
C000583,Couple,UAE,Regular
C000584,Individual,USA,Regular
C000585,Family,India,Regular
C000586,Individual,India,Regular
C000587,Individual,India,New
C000588,Individual,India,Gold
C000589,Individual,Australia,Gold
C000590,Individual,India,New
C000591,Individual,India,Silver
C000592,Family,India,Silver
C000593,Individual,India,Regular
C000594,Individual,Germany,New
C000595,Business,India,Gold
C000596,Couple,India,Silver
C000597,Family,India,Regular
C000598,Individual,India,Silver
C000599,Individual,India,New
C000600,Individual,USA,Regular
C000601,Individual,India,New
C000602,Individual,India,New
C000603,Individual,India,Silver
C000604,Individual,India,Gold
C000605,Individual,India,Regular
C000606,Couple,India,New
C000607,Individual,Singapore,Silver
C000608,Couple,Singapore,Gold
C000609,Couple,India,Silver
C000610,Family,India,Gold
C000611,Individual,India,Regular
C000612,Business,India,Silver
C000613,Family,UAE,New
C000614,Individual,India,Regular
C000615,Business,India,Regular
C000616,Group,UAE,Regular
C000617,Individual,Singapore,Platinum
C000618,Individual,India,Gold
C000619,Business,India,New
C000620,Family,India,New
C000621,Individual,India,Regular
C000622,Individual,Australia,New
C000623,Couple,UAE,Silver
C000624,Couple,UK,Gold
C000625,Family,India,Platinum
C000626,Couple,UAE,Silver
C000627,Couple,India,Gold
C000628,Family,India,Regular
C000629,Individual,India,New
C000630,Individual,India,Regular
C000631,Family,USA,Regular
C000632,Business,India,Silver
C000633,Couple,India,New
C000634,Couple,India,Regular
C000635,Individual,India,Regular
C000636,Couple,India,Platinum
C000637,Couple,India,Regular
C000638,Individual,UAE,Silver
C000639,Individual,India,Silver
C000640,Couple,India,New
C000641,Individual,India,Regular
C000642,Individual,UAE,Gold
C000643,Individual,India,Regular
C000644,Individual,India,Platinum
C000645,Individual,India,New
C000646,Business,India,New
C000647,Family,India,Gold
C000648,Family,USA,Gold
C000649,Business,India,Platinum
C000650,Couple,India,Silver
C000651,Individual,USA,Platinum
C000652,Couple,India,Gold
C000653,Family,India,Gold
C000654,Family,India,Regular
C000655,Couple,India,Regular
C000656,Individual,India,Platinum
C000657,Individual,India,Regular
C000658,Couple,UAE,Regular
C000659,Family,Canada,Regular
C000660,Family,India,Regular
C000661,Couple,India,Regular
C000662,Group,India,New
C000663,Family,UAE,Gold
C000664,Individual,India,Regular
C000665,Individual,India,Regular
C000666,Individual,UK,New
C000667,Individual,USA,New
C000668,Individual,UAE,New
C000669,Individual,India,Silver
C000670,Individual,USA,New
C000671,Individual,UAE,Gold
C000672,Business,India,New
C000673,Individual,India,New
C000674,Couple,India,New
C000675,Couple,Canada,New
C000676,Group,India,Silver
C000677,Individual,India,Gold
C000678,Couple,India,Silver
C000679,Group,USA,New
C000680,Business,India,New
C000681,Business,India,Regular
C000682,Individual,India,Platinum
C000683,Individual,Australia,New
C000684,Family,India,Silver
C000685,Group,India,Regular
C000686,Couple,USA,New
C000687,Family,India,Regular
C000688,Individual,Australia,New
C000689,Business,India,Gold
C000690,Individual,India,New
C000691,Individual,India,Silver
C000692,Couple,India,New
C000693,Couple,India,Platinum
C000694,Individual,India,New
C000695,Individual,USA,Gold
C000696,Family,India,Gold
C000697,Individual,India,Platinum
C000698,Family,India,Regular
C000699,Individual,Germany,Silver
C000700,Couple,India,Regular
C000701,Couple,India,New
C000702,Individual,India,Regular
C000703,Individual,India,New
C000704,Individual,India,Platinum
C000705,Individual,Australia,New
C000706,Group,India,Regular
C000707,Individual,Singapore,Silver
C000708,Business,India,Regular
C000709,Individual,India,Silver
C000710,Family,Australia,New
C000711,Business,India,Regular
C000712,Family,Canada,New
C000713,Couple,India,Platinum
C000714,Couple,Canada,Silver
C000715,Individual,India,Platinum
C000716,Group,India,New
C000717,Business,India,New
C000718,Group,India,New
C000719,Individual,India,New
C000720,Family,India,New
C000721,Group,India,Silver
C000722,Individual,India,New
C000723,Individual,UK,Regular
C000724,Family,India,Gold
C000725,Family,India,Silver
C000726,Business,India,Regular
C000727,Individual,India,Regular
C000728,Business,India,Regular
C000729,Individual,India,New
C000730,Individual,Australia,Silver
C000731,Individual,UAE,Regular
C000732,Business,India,Gold
C000733,Family,India,Silver
C000734,Couple,India,Silver
C000735,Couple,India,Regular
C000736,Business,India,New
C000737,Couple,India,Silver
C000738,Business,India,Regular
C000739,Couple,India,New
C000740,Couple,India,New
C000741,Couple,Singapore,New
C000742,Individual,India,Silver
C000743,Family,UAE,New
C000744,Couple,Germany,Regular
C000745,Individual,India,Regular
C000746,Business,India,Regular
C000747,Couple,India,Gold
C000748,Couple,Germany,Gold
C000749,Group,Germany,Regular
C000750,Family,India,New
C000751,Individual,India,Regular
C000752,Group,UK,Silver
C000753,Family,India,Regular
C000754,Individual,UK,Silver
C000755,Individual,Australia,New
C000756,Business,India,Silver
C000757,Family,India,New
C000758,Couple,India,Silver
C000759,Business,India,Regular
C000760,Business,India,Silver
C000761,Individual,UK,New
C000762,Individual,Australia,Regular
C000763,Individual,Canada,Silver
C000764,Family,India,New
C000765,Individual,Singapore,Gold
C000766,Couple,USA,Silver
C000767,Business,India,Regular
C000768,Business,India,Regular
C000769,Individual,India,Regular
C000770,Business,Australia,Regular
C000771,Individual,India,Regular
C000772,Business,USA,Silver
C000773,Individual,India,Regular
C000774,Couple,USA,New
C000775,Business,India,New
C000776,Individual,India,New
C000777,Individual,India,Regular
C000778,Family,India,Silver
C000779,Family,UAE,Gold
C000780,Family,India,New
C000781,Family,India,Platinum
C000782,Couple,India,Regular
C000783,Individual,India,Gold
C000784,Individual,India,Silver
C000785,Individual,India,Silver
C000786,Group,Australia,New
C000787,Family,India,New
C000788,Couple,UAE,New
C000789,Couple,Germany,Silver
C000790,Group,India,Regular
C000791,Individual,India,Gold
C000792,Family,India,Regular
C000793,Couple,Canada,Gold
C000794,Family,Australia,New
C000795,Individual,India,New
C000796,Business,UK,Regular
C000797,Group,India,Regular
C000798,Couple,Germany,Regular
C000799,Family,Canada,Silver
C000800,Group,India,New
C000801,Family,India,Regular
C000802,Individual,India,Gold
C000803,Family,India,New
C000804,Family,UAE,Platinum
C000805,Couple,India,Platinum
C000806,Family,India,New
C000807,Group,India,New
C000808,Group,Germany,Regular
C000809,Couple,India,Silver
C000810,Individual,India,Regular
C000811,Group,India,Silver
C000812,Business,Germany,Silver
C000813,Individual,UAE,New
C000814,Group,India,Gold
C000815,Business,India,Silver
C000816,Couple,India,Regular
C000817,Family,India,Gold
C000818,Couple,India,Silver
C000819,Individual,Australia,New
C000820,Individual,India,Regular
C000821,Business,UAE,Regular
C000822,Individual,India,New
C000823,Individual,USA,Platinum
C000824,Couple,USA,New
C000825,Couple,India,Silver
C000826,Group,India,Regular
C000827,Individual,India,New
C000828,Individual,India,Platinum
C000829,Family,India,Gold
C000830,Couple,India,Regular
C000831,Individual,Germany,New
C000832,Couple,India,New
C000833,Individual,UAE,Regular
C000834,Individual,India,New
C000835,Couple,UK,Regular
C000836,Couple,India,Platinum
C000837,Group,Singapore,Regular
C000838,Couple,India,Gold
C000839,Family,India,Silver
C000840,Family,India,Regular
C000841,Individual,India,Gold
C000842,Family,India,Regular
C000843,Individual,India,Gold
C000844,Group,India,New
C000845,Individual,Singapore,New
C000846,Couple,India,Gold
C000847,Individual,India,Regular
C000848,Group,USA,Gold
C000849,Couple,India,Platinum
C000850,Family,India,New
C000851,Individual,India,Regular
C000852,Family,Canada,Regular
C000853,Individual,UAE,Silver
C000854,Business,Singapore,Gold
C000855,Individual,India,New
C000856,Individual,UK,Regular
C000857,Individual,India,Silver
C000858,Couple,India,New
C000859,Couple,India,Gold
C000860,Individual,India,Silver
C000861,Business,India,Platinum
C000862,Couple,India,Regular
C000863,Couple,India,New
C000864,Couple,India,Regular
C000865,Couple,USA,New
C000866,Couple,India,Platinum
C000867,Individual,USA,New
C000868,Individual,India,Silver
C000869,Business,UAE,Regular
C000870,Group,India,Regular
C000871,Couple,India,New
C000872,Individual,India,Silver
C000873,Family,India,Regular
C000874,Couple,UAE,New
C000875,Individual,India,Gold
C000876,Individual,India,Regular
C000877,Family,Singapore,Regular
C000878,Family,India,Regular
C000879,Individual,India,New
C000880,Individual,India,Platinum
C000881,Individual,India,Regular
C000882,Family,India,New
C000883,Individual,India,Regular
C000884,Individual,Germany,Silver
C000885,Business,India,Regular
C000886,Individual,India,Silver
C000887,Family,India,New
C000888,Individual,Australia,New
C000889,Individual,UK,Gold
C000890,Individual,India,New
C000891,Family,USA,Gold
C000892,Business,India,New
C000893,Business,India,Gold
C000894,Couple,India,Regular
C000895,Family,India,Silver
C000896,Individual,India,New
C000897,Individual,Australia,New
C000898,Business,India,New
C000899,Individual,Canada,New
C000900,Individual,India,Regular
C000901,Individual,India,Regular
C000902,Individual,India,Regular
C000903,Individual,India,Gold
C000904,Family,India,Silver
C000905,Couple,India,Silver
C000906,Business,India,Regular
C000907,Business,India,Regular
C000908,Individual,UK,Regular
C000909,Individual,India,Gold
C000910,Couple,India,New
C000911,Family,India,New
C000912,Individual,Australia,Silver
C000913,Family,USA,New
C000914,Couple,India,Gold
C000915,Couple,India,Gold
C000916,Couple,India,New
C000917,Individual,Germany,New
C000918,Group,India,Regular
C000919,Business,India,Silver
C000920,Individual,India,New
C000921,Business,India,Silver
C000922,Couple,Canada,Regular
C000923,Business,India,Regular
C000924,Business,India,New
C000925,Couple,India,Silver
C000926,Individual,USA,New
C000927,Individual,UK,Gold
C000928,Couple,India,Regular
C000929,Family,India,Regular
C000930,Individual,Singapore,Gold
C000931,Individual,India,Gold
C000932,Business,India,Regular
C000933,Group,India,New
C000934,Couple,Germany,Silver
C000935,Individual,India,Regular
C000936,Individual,USA,New
C000937,Individual,India,Gold
C000938,Group,India,New
C000939,Individual,India,New
C000940,Family,India,New
C000941,Individual,India,Silver
C000942,Couple,India,Silver
C000943,Family,India,Regular
C000944,Business,Singapore,Regular
C000945,Individual,Canada,Regular
C000946,Individual,India,Silver
C000947,Individual,India,New
C000948,Group,India,Platinum
C000949,Business,India,New
C000950,Family,UAE,Platinum
C000951,Family,India,New
C000952,Family,India,Silver
C000953,Individual,UK,New
C000954,Group,India,New
C000955,Couple,India,Gold
C000956,Couple,India,Gold
C000957,Couple,India,Regular
C000958,Individual,India,Silver
C000959,Individual,UK,Regular
C000960,Family,UAE,Gold
C000961,Individual,India,Regular
C000962,Family,Canada,Regular
C000963,Individual,India,Regular
C000964,Couple,UK,Regular
C000965,Individual,India,Gold
C000966,Couple,Singapore,New
C000967,Family,Australia,New
C000968,Individual,India,Regular
C000969,Couple,Australia,Silver
C000970,Couple,UAE,New
C000971,Family,UK,Regular
C000972,Group,India,Platinum
C000973,Family,UK,New
C000974,Individual,UAE,Silver
C000975,Individual,India,Silver
C000976,Individual,Canada,Regular
C000977,Family,India,Platinum
C000978,Individual,India,Silver
C000979,Couple,India,Regular
C000980,Family,India,Regular
C000981,Individual,India,Silver
C000982,Business,India,Regular
C000983,Individual,Canada,Gold
C000984,Individual,India,Regular
C000985,Family,India,New
C000986,Couple,India,New
C000987,Family,India,New
C000988,Couple,Australia,New
C000989,Individual,India,Gold
C000990,Business,UAE,Silver
C000991,Business,India,Silver
C000992,Family,India,Silver
C000993,Individual,India,Gold
C000994,Family,India,Regular
C000995,Couple,India,Gold
C000996,Individual,India,Regular
C000997,Group,India,Platinum
C000998,Individual,UK,Silver
C000999,Group,India,New
C001000,Couple,India,Regular
C001001,Individual,India,Regular
C001002,Couple,India,New
C001003,Business,Singapore,Regular
C001004,Family,India,Regular
C001005,Business,India,New
C001006,Family,Canada,Platinum
C001007,Family,India,Silver
C001008,Business,India,Gold
C001009,Individual,India,Silver
C001010,Couple,India,Regular
C001011,Individual,UK,Regular
C001012,Group,UAE,Silver
C001013,Group,Germany,Platinum
C001014,Individual,India,New
C001015,Family,India,Gold
C001016,Group,USA,Platinum
C001017,Individual,India,Silver
C001018,Couple,India,Platinum
C001019,Group,India,Regular
C001020,Individual,India,Platinum
C001021,Family,India,Silver
C001022,Individual,UAE,New
C001023,Group,UAE,Gold
C001024,Group,India,Regular
C001025,Group,India,Regular
C001026,Couple,India,Regular
C001027,Business,Singapore,New
C001028,Business,India,Regular
C001029,Individual,USA,Gold
C001030,Business,India,New
C001031,Individual,India,New
C001032,Family,India,New
C001033,Individual,UK,Regular
C001034,Individual,India,Silver
C001035,Individual,India,Gold
C001036,Family,India,Platinum
C001037,Individual,USA,Silver
C001038,Family,Singapore,New
C001039,Individual,India,Platinum
C001040,Individual,Singapore,Silver
C001041,Couple,India,Regular
C001042,Business,India,Silver
C001043,Individual,India,Platinum
C001044,Family,India,Silver
C001045,Business,USA,Regular
C001046,Family,USA,Silver
C001047,Individual,India,New
C001048,Individual,India,Regular
C001049,Business,UAE,Regular
C001050,Individual,Australia,New
C001051,Business,India,New
C001052,Couple,Canada,New
C001053,Group,India,Silver
C001054,Business,India,Gold
C001055,Group,UAE,Platinum
C001056,Couple,India,Regular
C001057,Business,India,Regular
C001058,Couple,India,Platinum
C001059,Couple,UAE,New
C001060,Family,UAE,Silver
C001061,Business,India,Silver
C001062,Group,India,New
C001063,Business,India,Gold
C001064,Couple,India,Gold
C001065,Couple,India,New
C001066,Family,UK,New
C001067,Individual,India,New
C001068,Individual,India,Regular
C001069,Couple,India,Regular
C001070,Individual,India,Regular
C001071,Individual,Canada,New
C001072,Individual,India,Gold
C001073,Individual,India,Regular
C001074,Individual,India,New
C001075,Group,India,Regular
C001076,Couple,India,Regular
C001077,Couple,India,Regular
C001078,Family,India,New
C001079,Individual,India,New
C001080,Group,India,Gold
C001081,Business,India,Platinum
C001082,Individual,Canada,Regular
C001083,Couple,India,Regular
C001084,Business,India,Silver
C001085,Group,India,Silver
C001086,Couple,India,Regular
C001087,Family,USA,Gold
C001088,Individual,India,Regular
C001089,Group,USA,Regular
C001090,Individual,India,Silver
C001091,Group,India,Platinum
C001092,Family,UK,Gold
C001093,Family,India,New
C001094,Couple,India,Regular
C001095,Individual,India,Regular
C001096,Individual,USA,Regular
C001097,Individual,India,Silver
C001098,Individual,UAE,Gold
C001099,Business,India,Silver
C001100,Couple,Singapore,Platinum
C001101,Individual,India,New
C001102,Group,USA,Gold
C001103,Business,India,Silver
C001104,Group,Australia,Regular
C001105,Group,India,Silver
C001106,Individual,India,New
C001107,Couple,India,Gold
C001108,Business,India,Regular
C001109,Family,India,New
C001110,Individual,Canada,Silver
C001111,Business,Germany,Silver
C001112,Individual,India,New
C001113,Individual,Australia,New
C001114,Couple,India,Regular
C001115,Family,India,Regular
C001116,Family,USA,Gold
C001117,Individual,India,Platinum
C001118,Business,Germany,Regular
C001119,Individual,India,Silver
C001120,Individual,India,Regular
C001121,Business,India,Silver
C001122,Group,India,New
C001123,Business,India,Regular
C001124,Business,Germany,Silver
C001125,Family,UK,New
C001126,Couple,UK,Silver
C001127,Individual,India,Gold
C001128,Couple,India,Regular
C001129,Couple,India,Regular
C001130,Individual,India,Gold
C001131,Family,India,Silver
C001132,Couple,USA,New
C001133,Individual,India,Regular
C001134,Individual,India,Silver
C001135,Family,India,Regular
C001136,Individual,India,New
C001137,Business,India,Regular
C001138,Couple,Australia,Gold
C001139,Couple,India,Silver
C001140,Family,UK,Platinum
C001141,Business,India,Silver
C001142,Individual,India,Platinum
C001143,Family,India,New
C001144,Couple,Singapore,Silver
C001145,Individual,UK,New
C001146,Business,India,Silver
C001147,Business,India,Regular
C001148,Family,India,Regular
C001149,Business,India,Gold
C001150,Business,Canada,Gold
C001151,Family,India,New
C001152,Business,India,Silver
C001153,Family,India,Regular
C001154,Family,India,Regular
C001155,Family,India,Gold
C001156,Business,India,Regular
C001157,Individual,USA,Platinum
C001158,Business,USA,New
C001159,Business,India,Silver
C001160,Individual,UAE,Silver
C001161,Business,India,New
C001162,Individual,India,Regular
C001163,Individual,India,Gold
C001164,Family,India,Silver
C001165,Individual,India,Regular
C001166,Business,India,Regular
C001167,Business,India,New
C001168,Couple,Germany,New
C001169,Individual,India,Regular
C001170,Individual,India,New
C001171,Family,India,Gold
C001172,Group,India,Silver
C001173,Family,India,Platinum
C001174,Individual,UAE,Silver
C001175,Family,India,Platinum
C001176,Couple,India,Regular
C001177,Business,India,Silver
C001178,Individual,India,Platinum
C001179,Business,India,Silver
C001180,Couple,India,New
C001181,Group,India,Silver
C001182,Individual,India,Gold
C001183,Family,India,Gold
C001184,Group,Germany,Regular
C001185,Individual,India,Silver
C001186,Group,UK,Platinum
C001187,Family,UK,New
C001188,Individual,India,Silver
C001189,Individual,India,New
C001190,Family,India,Silver
C001191,Individual,India,Silver
C001192,Family,India,New
C001193,Individual,UK,New
C001194,Family,Australia,Silver
C001195,Individual,India,New
C001196,Business,India,New
C001197,Group,India,Gold
C001198,Group,UAE,Regular
C001199,Family,India,Regular
C001200,Individual,India,Platinum
C001201,Business,USA,New
C001202,Individual,India,Regular
C001203,Individual,Australia,Silver
C001204,Individual,India,Silver
C001205,Couple,India,Gold
C001206,Business,Canada,Gold
C001207,Family,India,Silver
C001208,Couple,India,New
C001209,Individual,India,New
C001210,Group,India,Regular
C001211,Couple,India,New
C001212,Couple,India,Silver
C001213,Individual,India,Silver
C001214,Business,India,New
C001215,Family,UK,Gold
C001216,Individual,UK,New
C001217,Individual,India,Regular
C001218,Family,India,Silver
C001219,Family,India,Regular
C001220,Individual,India,Regular
C001221,Group,UK,New
C001222,Individual,USA,Regular
C001223,Couple,India,Silver
C001224,Group,India,Gold
C001225,Couple,India,Regular
C001226,Family,India,Regular
C001227,Couple,India,Silver
C001228,Individual,Germany,Platinum
C001229,Group,UK,New
C001230,Couple,India,Regular
C001231,Business,India,Gold
C001232,Individual,Australia,Silver
C001233,Individual,India,New
C001234,Individual,India,Silver
C001235,Family,India,New
C001236,Couple,UAE,Regular
C001237,Business,India,Regular
C001238,Couple,India,Gold
C001239,Group,Singapore,Regular
C001240,Individual,Singapore,New
C001241,Business,Australia,New
C001242,Business,India,Gold
C001243,Business,India,New
C001244,Business,USA,Regular
C001245,Business,USA,New
C001246,Family,India,Silver
C001247,Individual,India,Regular
C001248,Individual,UK,Regular
C001249,Group,USA,Regular
C001250,Family,India,Gold
C001251,Business,India,Regular
C001252,Couple,India,Silver
C001253,Individual,India,Gold
C001254,Individual,India,Gold
C001255,Family,India,Regular
C001256,Couple,India,Platinum
C001257,Individual,India,New
C001258,Couple,India,Regular
C001259,Individual,UAE,Gold
C001260,Family,India,New
C001261,Individual,India,New
C001262,Business,UAE,Regular
C001263,Individual,India,Silver
C001264,Couple,Germany,Regular
C001265,Individual,UAE,Silver
C001266,Individual,India,Gold
C001267,Couple,Germany,Silver
C001268,Couple,India,New
C001269,Family,India,Platinum
C001270,Individual,India,New
C001271,Family,India,New
C001272,Business,Australia,New
C001273,Business,India,Regular
C001274,Individual,India,New
C001275,Couple,India,New
C001276,Individual,India,Regular
C001277,Individual,India,New
C001278,Group,India,Silver
C001279,Individual,UAE,Gold
C001280,Couple,India,Silver
C001281,Family,UAE,New
C001282,Family,India,New
C001283,Couple,UK,Platinum
C001284,Individual,USA,New
C001285,Individual,India,Gold
C001286,Couple,India,New
C001287,Individual,Singapore,Platinum
C001288,Couple,India,Regular
C001289,Individual,Canada,Regular
C001290,Individual,India,Silver
C001291,Couple,India,Regular
C001292,Individual,India,Regular
C001293,Couple,Canada,Regular
C001294,Family,India,Silver
C001295,Business,Singapore,New
C001296,Individual,Singapore,New
C001297,Individual,India,Regular
C001298,Individual,India,New
C001299,Family,USA,Silver
C001300,Family,India,New
C001301,Individual,UK,Regular
C001302,Group,India,New
C001303,Individual,India,Regular
C001304,Couple,UK,New
C001305,Family,India,New
C001306,Business,India,New
C001307,Family,India,Platinum
C001308,Business,India,New
C001309,Individual,India,Silver
C001310,Business,UK,New
C001311,Individual,India,New
C001312,Business,India,Regular
C001313,Couple,India,Regular
C001314,Business,India,Platinum
C001315,Couple,India,Platinum
C001316,Family,Australia,Silver
C001317,Couple,USA,Silver
C001318,Family,India,Regular
C001319,Individual,India,Regular
C001320,Individual,India,Platinum
C001321,Individual,India,Silver
C001322,Individual,India,Regular
C001323,Business,India,New
C001324,Individual,India,New
C001325,Group,India,Platinum
C001326,Individual,India,Regular
C001327,Individual,Canada,Regular
C001328,Business,India,New
C001329,Family,India,Gold
C001330,Couple,India,New
C001331,Couple,India,Gold
C001332,Family,USA,New
C001333,Individual,India,Gold
C001334,Group,India,Silver
C001335,Group,India,New
C001336,Family,USA,Regular
C001337,Individual,India,Regular
C001338,Family,India,New
C001339,Individual,India,Gold
C001340,Individual,India,Regular
C001341,Individual,India,Regular
C001342,Couple,India,New
C001343,Business,India,Regular
C001344,Family,UAE,Gold
C001345,Family,India,Regular
C001346,Couple,India,Platinum
C001347,Individual,India,Platinum
C001348,Couple,Germany,New
C001349,Group,India,New
C001350,Individual,USA,Gold
C001351,Business,India,Regular
C001352,Family,India,New
C001353,Couple,India,New
C001354,Family,India,Regular
C001355,Couple,Australia,Gold
C001356,Business,Canada,New
C001357,Group,India,New
C001358,Couple,India,Platinum
C001359,Individual,Canada,Silver
C001360,Family,India,Regular
C001361,Group,India,Silver
C001362,Individual,India,Regular
C001363,Family,India,Silver
C001364,Family,India,Regular
C001365,Family,India,New
C001366,Individual,India,Silver
C001367,Family,India,Regular
C001368,Group,India,Platinum
C001369,Individual,India,Regular
C001370,Individual,UAE,Platinum
C001371,Group,India,Platinum
C001372,Individual,India,New
C001373,Business,Australia,Gold
C001374,Couple,Australia,Regular
C001375,Individual,India,Gold
C001376,Business,India,Regular
C001377,Couple,USA,Silver
C001378,Couple,UAE,Regular
C001379,Couple,Canada,New
C001380,Family,Singapore,New
C001381,Individual,India,Regular
C001382,Couple,India,Silver
C001383,Group,India,Silver
C001384,Individual,India,Silver
C001385,Family,India,New
C001386,Individual,India,Regular
C001387,Business,India,New
C001388,Individual,USA,Gold
C001389,Group,India,Platinum
C001390,Couple,India,Regular
C001391,Individual,India,New
C001392,Individual,India,New
C001393,Individual,USA,Silver
C001394,Couple,India,Silver
C001395,Individual,Germany,Gold
C001396,Business,India,New
C001397,Couple,India,Silver
C001398,Individual,India,Silver
C001399,Family,India,Regular
C001400,Family,UAE,Regular
C001401,Individual,India,New
C001402,Individual,Singapore,Regular
C001403,Individual,India,Gold
C001404,Family,Singapore,Regular
C001405,Family,India,Gold
C001406,Couple,Singapore,Regular
C001407,Business,India,New
C001408,Business,India,Regular
C001409,Family,India,Regular
C001410,Business,Canada,Regular
C001411,Individual,India,New
C001412,Individual,India,Regular
C001413,Individual,UAE,New
C001414,Individual,India,New
C001415,Couple,India,Regular
C001416,Group,India,Regular
C001417,Individual,India,Platinum
C001418,Individual,Australia,Regular
C001419,Couple,UK,Silver
C001420,Group,India,Regular
C001421,Individual,Germany,Silver
C001422,Couple,India,New
C001423,Individual,India,Platinum
C001424,Individual,India,Regular
C001425,Group,India,Gold
C001426,Group,India,Regular
C001427,Individual,Canada,New
C001428,Group,UK,Silver
C001429,Family,India,New
C001430,Business,India,Regular
C001431,Couple,USA,New
C001432,Couple,Canada,Silver
C001433,Couple,Singapore,Platinum
C001434,Family,India,Regular
C001435,Individual,UK,Gold
C001436,Individual,India,Regular
C001437,Individual,India,Regular
C001438,Family,India,Platinum
C001439,Individual,India,Gold
C001440,Family,India,Gold
C001441,Group,India,New
C001442,Individual,India,Regular
C001443,Family,USA,New
C001444,Couple,India,Regular
C001445,Business,India,Regular
C001446,Individual,India,Gold
C001447,Family,Canada,Gold
C001448,Business,India,Regular
C001449,Group,India,New
C001450,Family,India,Gold
C001451,Couple,UAE,New
C001452,Family,Germany,Silver
C001453,Business,India,New
C001454,Family,India,Regular
C001455,Individual,Australia,Platinum
C001456,Group,India,New
C001457,Family,India,Regular
C001458,Family,India,Regular
C001459,Individual,India,Gold
C001460,Family,India,Gold
C001461,Couple,India,New
C001462,Family,India,New
C001463,Individual,Canada,Silver
C001464,Family,India,Regular
C001465,Group,UAE,Silver
C001466,Individual,India,New
C001467,Group,India,New
C001468,Couple,India,Silver
C001469,Business,Australia,New
C001470,Business,UK,Gold
C001471,Couple,India,New
C001472,Family,UAE,New
C001473,Business,India,Platinum
C001474,Couple,Canada,Regular
C001475,Individual,USA,Silver
C001476,Family,Australia,New
C001477,Business,India,Silver
C001478,Business,India,Silver
C001479,Business,India,Regular
C001480,Couple,India,Gold
C001481,Business,India,Silver
C001482,Individual,India,Regular
C001483,Couple,India,Regular
C001484,Individual,India,Regular
C001485,Individual,India,New
C001486,Couple,India,Regular
C001487,Couple,Canada,Regular
C001488,Family,India,Regular
C001489,Couple,India,Silver
C001490,Couple,USA,Regular
C001491,Individual,India,Platinum
C001492,Couple,India,New
C001493,Individual,India,Regular
C001494,Individual,India,Gold
C001495,Family,Canada,Regular
C001496,Family,India,Regular
C001497,Family,India,New
C001498,Couple,India,Regular
C001499,Couple,India,New
C001500,Business,UK,Platinum
C001501,Couple,India,Regular
C001502,Couple,India,Gold
C001503,Individual,India,Silver
C001504,Individual,India,Regular
C001505,Couple,India,Regular
C001506,Couple,UK,Gold
C001507,Family,UK,Gold
C001508,Couple,Australia,New
C001509,Family,UAE,Regular
C001510,Business,India,Regular
C001511,Business,India,New
C001512,Family,UK,Regular
C001513,Group,UAE,Gold
C001514,Individual,UK,Regular
C001515,Individual,India,Silver
C001516,Individual,India,Silver
C001517,Family,UAE,Regular
C001518,Business,USA,New
C001519,Individual,Germany,Silver
C001520,Group,India,Gold
C001521,Individual,India,Silver
C001522,Group,India,New
C001523,Couple,UK,New
C001524,Individual,India,New
C001525,Couple,India,Regular
C001526,Individual,Germany,Silver
C001527,Individual,India,New
C001528,Individual,UAE,Gold
C001529,Business,India,Regular
C001530,Couple,UAE,Silver
C001531,Individual,India,Platinum
C001532,Family,Australia,New
C001533,Family,Australia,Gold
C001534,Individual,India,New
C001535,Couple,India,Regular
C001536,Individual,India,Gold
C001537,Individual,India,Gold
C001538,Family,Singapore,Regular
C001539,Individual,India,Regular
C001540,Couple,India,Silver
C001541,Family,India,Gold
C001542,Individual,UK,New
C001543,Couple,Canada,Gold
C001544,Individual,India,Regular
C001545,Group,India,Regular
C001546,Couple,India,Regular
C001547,Business,India,Regular
C001548,Couple,India,Platinum
C001549,Individual,India,Regular
C001550,Family,India,Platinum
C001551,Group,India,New
C001552,Family,India,Silver
C001553,Business,India,Gold
C001554,Business,India,Silver
C001555,Individual,UK,Silver
C001556,Individual,USA,Regular
C001557,Family,India,Gold
C001558,Couple,India,Gold
C001559,Business,USA,New
C001560,Group,Canada,Gold
C001561,Couple,India,Regular
C001562,Individual,India,New
C001563,Business,India,Gold
C001564,Individual,India,Regular
C001565,Business,India,Gold
C001566,Couple,India,New
C001567,Family,India,New
C001568,Individual,India,Regular
C001569,Family,India,New
C001570,Couple,India,Silver
C001571,Family,India,New
C001572,Individual,India,Regular
C001573,Family,India,New
C001574,Business,Singapore,New
C001575,Individual,India,Gold
C001576,Individual,USA,New
C001577,Individual,Australia,Silver
C001578,Family,India,Gold
C001579,Family,India,Silver
C001580,Couple,India,Gold
C001581,Individual,Singapore,New
C001582,Couple,Canada,New
C001583,Family,USA,Gold
C001584,Couple,India,Silver
C001585,Group,India,Silver
C001586,Individual,India,Silver
C001587,Family,India,Regular
C001588,Couple,India,New
C001589,Couple,India,Gold
C001590,Family,UK,Silver
C001591,Family,India,Regular
C001592,Group,India,Gold
C001593,Individual,India,Regular
C001594,Individual,UAE,New
C001595,Family,USA,Gold
C001596,Family,India,Gold
C001597,Individual,India,Regular
C001598,Individual,India,New
C001599,Individual,Australia,New
C001600,Business,India,Silver
C001601,Individual,India,Regular
C001602,Individual,India,Gold
C001603,Individual,India,Platinum
C001604,Couple,UK,Gold
C001605,Individual,India,Regular
C001606,Couple,India,Gold
C001607,Individual,India,Regular
C001608,Business,India,New
C001609,Individual,Australia,New
C001610,Couple,India,Regular
C001611,Business,Singapore,Gold
C001612,Family,UK,New
C001613,Couple,India,New
C001614,Individual,India,Platinum
C001615,Individual,India,New
C001616,Family,USA,Gold
C001617,Group,India,Regular
C001618,Family,India,New
C001619,Couple,India,Gold
C001620,Family,USA,New
C001621,Couple,India,Regular
C001622,Individual,India,New
C001623,Couple,India,New
C001624,Group,India,New
C001625,Individual,UAE,New
C001626,Family,India,New
C001627,Individual,UK,Silver
C001628,Couple,India,Regular
C001629,Individual,India,Regular
C001630,Couple,India,Regular
C001631,Business,India,Platinum
C001632,Individual,India,Gold
C001633,Family,India,Silver
C001634,Business,India,Gold
C001635,Group,India,Regular
C001636,Individual,India,Regular
C001637,Couple,Australia,Silver
C001638,Individual,India,Silver
C001639,Group,India,Regular
C001640,Group,India,Regular
C001641,Couple,USA,Platinum
C001642,Business,UK,Gold
C001643,Couple,India,Regular
C001644,Family,Singapore,Silver
C001645,Individual,India,New
C001646,Business,India,New
C001647,Individual,Singapore,Regular
C001648,Business,Singapore,Regular
C001649,Business,India,New
C001650,Family,UAE,Gold
C001651,Individual,India,Regular
C001652,Individual,Singapore,Regular
C001653,Individual,India,New
C001654,Couple,India,New
C001655,Individual,India,Gold
C001656,Group,India,Silver
C001657,Couple,India,Platinum
C001658,Individual,India,Platinum
C001659,Couple,India,Regular
C001660,Couple,India,New
C001661,Family,India,Gold
C001662,Couple,India,Platinum
C001663,Group,India,Silver
C001664,Couple,USA,Gold
C001665,Group,Singapore,Gold
C001666,Business,USA,Regular
C001667,Individual,India,Regular
C001668,Group,USA,Gold
C001669,Individual,India,Silver
C001670,Business,India,New
C001671,Couple,India,Regular
C001672,Business,UK,New
C001673,Business,India,New
C001674,Business,India,Gold
C001675,Business,India,New
C001676,Individual,UAE,New
C001677,Individual,India,Regular
C001678,Couple,India,Silver
C001679,Individual,India,Regular
C001680,Family,India,New
C001681,Individual,India,New
C001682,Group,India,New
C001683,Family,Singapore,Regular
C001684,Business,India,New
C001685,Individual,India,Platinum
C001686,Business,India,Regular
C001687,Group,India,New
C001688,Couple,India,Silver
C001689,Family,India,Regular
C001690,Business,India,Silver
C001691,Individual,UK,New
C001692,Couple,India,Regular
C001693,Couple,India,Silver
C001694,Individual,UK,Platinum
C001695,Couple,India,New
C001696,Individual,USA,Regular
C001697,Individual,India,Regular
C001698,Individual,India,Platinum
C001699,Group,UK,Gold
C001700,Couple,India,New
C001701,Group,India,New
C001702,Couple,USA,Regular
C001703,Individual,India,New
C001704,Couple,India,Regular
C001705,Couple,India,New
C001706,Individual,UAE,Silver
C001707,Family,Australia,Platinum
C001708,Individual,India,Platinum
C001709,Family,India,Regular
C001710,Family,Australia,Regular
C001711,Individual,India,Gold
C001712,Individual,India,New
C001713,Business,USA,Silver
C001714,Couple,UAE,Regular
C001715,Individual,UAE,New
C001716,Group,India,Regular
C001717,Individual,India,New
C001718,Family,India,Silver
C001719,Group,India,New
C001720,Individual,India,Regular
C001721,Individual,UK,New
C001722,Individual,India,Gold
C001723,Individual,UAE,Regular
C001724,Individual,India,Regular
C001725,Family,India,Regular
C001726,Individual,India,Regular
C001727,Couple,India,New
C001728,Group,India,Silver
C001729,Business,Canada,New
C001730,Family,UK,New
C001731,Individual,India,Silver
C001732,Family,India,New
C001733,Couple,Australia,Regular
C001734,Couple,India,Regular
C001735,Individual,India,Regular
C001736,Business,India,Silver
C001737,Couple,Canada,Silver
C001738,Individual,India,Silver
C001739,Couple,India,Silver
C001740,Couple,Australia,New
C001741,Business,India,Regular
C001742,Family,India,Regular
C001743,Business,India,Regular
C001744,Individual,Singapore,Platinum
C001745,Couple,India,Gold
C001746,Couple,Germany,New
C001747,Individual,India,New
C001748,Individual,India,New
C001749,Business,Germany,New
C001750,Individual,India,New
C001751,Couple,India,Regular
C001752,Individual,India,Gold
C001753,Individual,India,Silver
C001754,Individual,India,New
C001755,Group,India,Regular
C001756,Business,India,Regular
C001757,Group,UAE,Gold
C001758,Couple,India,Gold
C001759,Individual,Germany,Gold
C001760,Couple,India,Regular
C001761,Couple,India,Silver
C001762,Business,India,New
C001763,Individual,India,Regular
C001764,Couple,India,New
C001765,Individual,UK,Regular
C001766,Individual,Australia,Silver
C001767,Family,Germany,New
C001768,Couple,India,New
C001769,Couple,Singapore,New
C001770,Couple,India,New
C001771,Couple,India,New
C001772,Business,Singapore,New
C001773,Business,India,New
C001774,Group,India,New
C001775,Business,India,Platinum
C001776,Individual,India,Regular
C001777,Family,USA,New
C001778,Couple,India,Regular
C001779,Individual,Germany,Gold
C001780,Business,India,Silver
C001781,Individual,India,New
C001782,Group,India,Regular
C001783,Couple,India,Silver
C001784,Family,India,Silver
C001785,Family,USA,Silver
C001786,Business,Singapore,Gold
C001787,Family,Australia,Gold
C001788,Family,UK,Regular
C001789,Individual,UAE,Regular
C001790,Couple,India,Silver
C001791,Individual,UAE,Gold
C001792,Family,India,New
C001793,Couple,India,Platinum
C001794,Family,India,New
C001795,Individual,India,Regular
C001796,Individual,India,Gold
C001797,Family,Canada,New
C001798,Individual,India,Regular
C001799,Individual,India,New
C001800,Individual,India,Regular
C001801,Group,India,New
C001802,Family,India,Regular
C001803,Couple,India,Regular
C001804,Individual,India,Platinum
C001805,Individual,India,Platinum
C001806,Business,UK,New
C001807,Family,USA,Silver
C001808,Individual,India,New
C001809,Individual,India,New
C001810,Individual,India,New
C001811,Family,UK,Platinum
C001812,Business,India,Platinum
C001813,Individual,India,New
C001814,Individual,UK,New
C001815,Individual,India,New
C001816,Group,India,Regular
C001817,Individual,India,Regular
C001818,Business,Australia,New
C001819,Family,UAE,Silver
C001820,Couple,USA,Regular
C001821,Individual,India,Platinum
C001822,Individual,India,Silver
C001823,Family,Germany,Regular
C001824,Business,Canada,Gold
C001825,Family,India,Gold
C001826,Couple,UAE,New
C001827,Individual,India,Regular
C001828,Group,India,Platinum
C001829,Business,India,New
C001830,Individual,India,New
C001831,Group,Australia,Regular
C001832,Family,India,Gold
C001833,Family,India,Silver
C001834,Family,Australia,Gold
C001835,Business,Australia,Regular
C001836,Family,India,New
C001837,Individual,India,Regular
C001838,Individual,India,Silver
C001839,Group,India,New
C001840,Individual,Canada,New
C001841,Couple,Australia,New
C001842,Couple,India,Regular
C001843,Couple,India,Gold
C001844,Family,India,Silver
C001845,Group,Australia,Platinum
C001846,Individual,India,New
C001847,Individual,India,Gold
C001848,Individual,India,Gold
C001849,Business,India,Regular
C001850,Family,India,Platinum
C001851,Individual,India,New
C001852,Business,Australia,Gold
C001853,Business,Australia,Gold
C001854,Business,UK,Silver
C001855,Group,India,Regular
C001856,Individual,India,New
C001857,Business,India,Regular
C001858,Couple,India,Regular
C001859,Business,Australia,Gold
C001860,Family,India,Silver
C001861,Business,India,Gold
C001862,Family,Australia,New
C001863,Individual,Canada,Gold
C001864,Couple,India,Platinum
C001865,Group,India,Gold
C001866,Group,India,New
C001867,Individual,India,New
C001868,Individual,India,New
C001869,Individual,India,Silver
C001870,Family,Canada,Silver
C001871,Business,India,Platinum
C001872,Individual,India,Regular
C001873,Couple,India,Regular
C001874,Business,India,Silver
C001875,Family,UAE,Gold
C001876,Couple,India,Platinum
C001877,Family,India,Gold
C001878,Couple,India,Regular
C001879,Individual,UK,Silver
C001880,Couple,India,Gold
C001881,Family,UK,Regular
C001882,Business,India,New
C001883,Family,India,New
C001884,Business,India,New
C001885,Individual,Canada,Silver
C001886,Couple,Australia,New
C001887,Individual,India,New
C001888,Individual,India,New
C001889,Family,India,Regular
C001890,Group,India,Regular
C001891,Individual,India,Silver
C001892,Couple,Australia,New
C001893,Business,Australia,New
C001894,Individual,India,Regular
C001895,Couple,India,Regular
C001896,Family,Singapore,New
C001897,Family,UK,New
C001898,Individual,India,Gold
C001899,Couple,India,Silver
C001900,Business,India,New
C001901,Couple,India,New
C001902,Individual,India,Platinum
C001903,Business,India,Silver
C001904,Individual,India,Regular
C001905,Family,India,Silver
C001906,Individual,India,Silver
C001907,Group,India,Silver
C001908,Couple,UK,Regular
C001909,Individual,UAE,Regular
C001910,Individual,India,New
C001911,Individual,India,Platinum
C001912,Business,Germany,Silver
C001913,Group,India,New
C001914,Couple,India,Gold
C001915,Couple,India,Gold
C001916,Family,India,Platinum
C001917,Business,India,Gold
C001918,Family,Australia,Platinum
C001919,Couple,India,New
C001920,Couple,India,Gold
C001921,Family,Australia,Gold
C001922,Individual,India,New
C001923,Family,India,New
C001924,Couple,India,Platinum
C001925,Business,India,New
C001926,Individual,India,Gold
C001927,Family,India,New
C001928,Couple,India,New
C001929,Family,India,Regular
C001930,Individual,India,New
C001931,Family,India,Silver
C001932,Couple,India,Regular
C001933,Couple,India,New
C001934,Family,India,New
C001935,Family,Canada,Regular
C001936,Business,India,New
C001937,Individual,India,Gold
C001938,Business,UK,Regular
C001939,Couple,India,New
C001940,Individual,India,Regular
C001941,Individual,UAE,New
C001942,Individual,Singapore,New
C001943,Business,India,New
C001944,Family,India,Gold
C001945,Business,India,Platinum
C001946,Couple,UK,Gold
C001947,Couple,India,Regular
C001948,Individual,India,New
C001949,Individual,Singapore,Regular
C001950,Couple,India,Silver
C001951,Individual,USA,Platinum
C001952,Individual,India,New
C001953,Family,India,New
C001954,Family,India,Silver
C001955,Group,UAE,Gold
C001956,Group,India,Gold
C001957,Family,India,Silver
C001958,Couple,India,Platinum
C001959,Family,USA,Regular
C001960,Business,Canada,Gold
C001961,Individual,India,Platinum
C001962,Couple,India,Gold
C001963,Business,Canada,Regular
C001964,Couple,India,New
C001965,Family,India,Regular
C001966,Family,India,Regular
C001967,Individual,UAE,Gold
C001968,Couple,India,New
C001969,Individual,India,New
C001970,Individual,India,Silver
C001971,Individual,India,New
C001972,Business,India,Regular
C001973,Individual,India,Regular
C001974,Couple,India,Silver
C001975,Individual,India,New
C001976,Group,India,Gold
C001977,Individual,USA,Regular
C001978,Couple,UAE,Gold
C001979,Business,UK,Regular
C001980,Business,India,New
C001981,Individual,India,New
C001982,Business,India,New
C001983,Couple,Australia,Regular
C001984,Couple,UAE,New
C001985,Individual,UAE,Regular
C001986,Individual,India,Regular
C001987,Family,India,New
C001988,Couple,India,New
C001989,Couple,India,Silver
C001990,Family,India,Platinum
C001991,Business,Canada,New
C001992,Individual,India,New
C001993,Family,India,Platinum
C001994,Individual,India,New
C001995,Business,Australia,Platinum
C001996,Family,India,New
C001997,Group,India,Gold
C001998,Individual,Australia,Regular
C001999,Individual,India,Platinum
C002000,Individual,India,Regular
C002001,Individual,India,Silver
C002002,Individual,India,New
C002003,Group,UAE,New
C002004,Individual,UK,Silver
C002005,Individual,India,Regular
C002006,Business,India,Platinum
C002007,Couple,India,Regular
C002008,Business,India,Gold
C002009,Individual,India,Regular
C002010,Couple,India,Platinum
C002011,Individual,India,Platinum
C002012,Individual,UK,Regular
C002013,Group,India,Gold
C002014,Individual,India,Gold
C002015,Couple,India,New
C002016,Couple,Singapore,Silver
C002017,Individual,India,New
C002018,Business,India,Gold
C002019,Individual,India,New
C002020,Family,USA,New
C002021,Group,India,Regular
C002022,Couple,UAE,Regular
C002023,Group,Canada,Gold
C002024,Individual,UK,Platinum
C002025,Couple,India,Regular
C002026,Individual,India,New
C002027,Family,India,Silver
C002028,Group,Germany,Regular
C002029,Individual,India,Regular
C002030,Family,India,Regular
C002031,Individual,India,Regular
C002032,Couple,India,Regular
C002033,Couple,India,Silver
C002034,Group,India,Regular
C002035,Family,India,Gold
C002036,Individual,UAE,Regular
C002037,Individual,India,New
C002038,Individual,India,Gold
C002039,Individual,India,Regular
C002040,Individual,India,New
C002041,Business,UK,Silver
C002042,Couple,India,Regular
C002043,Couple,India,Gold
C002044,Individual,India,Regular
C002045,Business,Australia,Silver
C002046,Family,India,New
C002047,Individual,USA,Regular
C002048,Family,India,Platinum
C002049,Couple,India,Gold
C002050,Individual,India,New
C002051,Couple,Singapore,New
C002052,Couple,India,Regular
C002053,Individual,Australia,Silver
C002054,Group,India,Silver
C002055,Business,India,Silver
C002056,Family,India,Regular
C002057,Couple,UK,Gold
C002058,Couple,India,Regular
C002059,Family,Singapore,New
C002060,Couple,Australia,Regular
C002061,Individual,Canada,Platinum
C002062,Couple,India,Gold
C002063,Business,India,Regular
C002064,Couple,UK,Silver
C002065,Individual,India,Platinum
C002066,Business,India,Regular
C002067,Individual,India,Regular
C002068,Individual,India,Platinum
C002069,Individual,India,Gold
C002070,Individual,India,Regular
C002071,Business,India,Regular
C002072,Couple,India,Regular
C002073,Individual,India,New
C002074,Business,India,Platinum
C002075,Business,India,Regular
C002076,Business,India,Gold
C002077,Individual,India,New
C002078,Couple,India,Regular
C002079,Group,India,New
C002080,Business,USA,Silver
C002081,Individual,India,Regular
C002082,Individual,UK,Silver
C002083,Couple,India,New
C002084,Group,India,New
C002085,Couple,India,New
C002086,Couple,India,New
C002087,Individual,India,Silver
C002088,Family,India,Regular
C002089,Business,India,Silver
C002090,Couple,India,Regular
C002091,Business,India,New
C002092,Group,Australia,New
C002093,Individual,India,New
C002094,Couple,India,Gold
C002095,Individual,India,Silver
C002096,Business,India,New
C002097,Family,UAE,New
C002098,Family,India,Gold
C002099,Business,India,Silver
C002100,Couple,Singapore,Silver
C002101,Group,India,Regular
C002102,Couple,India,New
C002103,Individual,Canada,Platinum
C002104,Family,India,Gold
C002105,Business,India,Regular
C002106,Individual,India,Gold
C002107,Business,India,Silver
C002108,Group,India,New
C002109,Individual,Singapore,Regular
C002110,Group,India,New
C002111,Individual,USA,New
C002112,Individual,Australia,Silver
C002113,Individual,India,New
C002114,Business,India,Gold
C002115,Family,India,Platinum
C002116,Individual,Australia,New
C002117,Couple,UK,Regular
C002118,Family,India,Gold
C002119,Individual,India,Gold
C002120,Business,India,Silver
C002121,Business,Australia,Regular
C002122,Couple,India,Regular
C002123,Group,India,Regular
C002124,Couple,Singapore,Platinum
C002125,Group,India,Regular
C002126,Family,India,Platinum
C002127,Family,India,New
C002128,Individual,India,Platinum
C002129,Business,India,Silver
C002130,Couple,Canada,Regular
C002131,Individual,India,Silver
C002132,Individual,India,New
C002133,Couple,India,New
C002134,Couple,India,New
C002135,Family,India,New
C002136,Business,USA,Regular
C002137,Individual,Singapore,Silver
C002138,Family,India,Silver
C002139,Individual,India,New
C002140,Business,India,Gold
C002141,Business,Canada,Silver
C002142,Couple,India,Platinum
C002143,Family,UK,Silver
C002144,Individual,India,New
C002145,Couple,Australia,Regular
C002146,Business,USA,Silver
C002147,Couple,USA,New
C002148,Couple,India,New
C002149,Couple,India,New
C002150,Business,India,New
C002151,Individual,UK,Regular
C002152,Individual,India,Regular
C002153,Family,Canada,New
C002154,Business,Singapore,Silver
C002155,Individual,India,Regular
C002156,Individual,UAE,New
C002157,Individual,India,New
C002158,Individual,India,New
C002159,Couple,India,Regular
C002160,Family,India,New
C002161,Family,USA,Regular
C002162,Family,India,Silver
C002163,Couple,India,Regular
C002164,Business,India,New
C002165,Couple,USA,Regular
C002166,Group,India,Silver
C002167,Family,UAE,Gold
C002168,Individual,India,Silver
C002169,Family,India,Regular
C002170,Individual,India,Regular
C002171,Family,India,Regular
C002172,Individual,Singapore,Gold
C002173,Individual,India,New
C002174,Business,USA,Platinum
C002175,Individual,India,Silver
C002176,Business,India,Silver
C002177,Individual,Germany,New
C002178,Family,UK,Silver
C002179,Family,India,Regular
C002180,Couple,India,New
C002181,Individual,India,New
C002182,Individual,India,Gold
C002183,Individual,UK,Regular
C002184,Individual,UK,Regular
C002185,Family,India,New
C002186,Group,Australia,Silver
C002187,Business,India,Silver
C002188,Business,India,Silver
C002189,Business,India,Regular
C002190,Family,India,Regular
C002191,Individual,India,Regular
C002192,Group,India,New
C002193,Family,India,Platinum
C002194,Couple,India,Regular
C002195,Individual,UAE,Regular
C002196,Couple,India,Regular
C002197,Couple,India,Gold
C002198,Business,UK,New
C002199,Couple,Australia,New
C002200,Couple,Canada,Silver
C002201,Group,India,Regular
C002202,Individual,India,Gold
C002203,Couple,India,New
C002204,Individual,India,Silver
C002205,Family,Australia,New
C002206,Group,India,New
C002207,Individual,India,Gold
C002208,Business,India,Regular
C002209,Individual,India,Regular
C002210,Group,UK,New
C002211,Business,India,Silver
C002212,Business,India,Regular
C002213,Individual,India,Platinum
C002214,Group,India,Platinum
C002215,Family,India,Silver
C002216,Individual,India,Regular
C002217,Business,India,Regular
C002218,Individual,USA,Silver
C002219,Business,Australia,New
C002220,Individual,Australia,Regular
C002221,Family,Canada,New
C002222,Couple,India,New
C002223,Individual,India,New
C002224,Individual,India,Regular
C002225,Individual,Singapore,Gold
C002226,Couple,Germany,Regular
C002227,Individual,UAE,Regular
C002228,Family,India,New
C002229,Individual,Canada,Regular
C002230,Individual,India,New
C002231,Family,India,Silver
C002232,Individual,India,Platinum
C002233,Group,India,New
C002234,Business,India,New
C002235,Family,India,Regular
C002236,Family,India,Platinum
C002237,Business,India,Silver
C002238,Individual,Singapore,Gold
C002239,Individual,India,Regular
C002240,Individual,India,Platinum
C002241,Business,UAE,New
C002242,Individual,Australia,New
C002243,Family,India,Gold
C002244,Group,India,Platinum
C002245,Business,India,New
C002246,Couple,India,New
C002247,Individual,India,New
C002248,Business,Singapore,New
C002249,Family,India,New
C002250,Individual,UAE,Platinum
C002251,Individual,UAE,Silver
C002252,Group,Australia,Silver
C002253,Family,India,Silver
C002254,Business,Australia,Regular
C002255,Business,India,Gold
C002256,Family,India,Regular
C002257,Couple,India,Regular
C002258,Couple,India,Regular
C002259,Individual,USA,Regular
C002260,Couple,India,Gold
C002261,Business,India,Platinum
C002262,Family,India,Regular
C002263,Business,India,Silver
C002264,Couple,India,New
C002265,Family,UK,Silver
C002266,Family,India,Regular
C002267,Family,India,New
C002268,Family,India,Regular
C002269,Individual,India,Silver
C002270,Couple,India,New
C002271,Individual,India,Platinum
C002272,Couple,Canada,New
C002273,Couple,India,Platinum
C002274,Family,India,Silver
C002275,Group,India,Regular
C002276,Family,Singapore,Regular
C002277,Family,India,Silver
C002278,Couple,India,Silver
C002279,Family,USA,Silver
C002280,Individual,India,Regular
C002281,Individual,India,Regular
C002282,Couple,India,Platinum
C002283,Couple,India,New
C002284,Individual,India,Regular
C002285,Individual,India,New
C002286,Individual,India,Silver
C002287,Group,India,Silver
C002288,Individual,India,New
C002289,Couple,Canada,New
C002290,Individual,UAE,New
C002291,Family,USA,Regular
C002292,Individual,India,Regular
C002293,Individual,India,Platinum
C002294,Couple,India,Regular
C002295,Individual,India,New
C002296,Individual,Germany,Gold
C002297,Individual,India,Regular
C002298,Individual,India,Regular
C002299,Individual,India,New
C002300,Individual,India,Regular
C002301,Business,India,Platinum
C002302,Family,India,Regular
C002303,Couple,India,Regular
C002304,Individual,Singapore,Silver
C002305,Group,India,Gold
C002306,Couple,Australia,New
C002307,Individual,UAE,Regular
C002308,Family,India,Platinum
C002309,Individual,UK,New
C002310,Individual,India,Silver
C002311,Couple,Canada,Silver
C002312,Business,India,Silver
C002313,Couple,India,Regular
C002314,Family,India,Regular
C002315,Group,India,Silver
C002316,Individual,Germany,New
C002317,Individual,India,Regular
C002318,Couple,India,New
C002319,Couple,India,New
C002320,Couple,Canada,Platinum
C002321,Group,India,Regular
C002322,Family,India,Platinum
C002323,Family,India,New
C002324,Individual,USA,Regular
C002325,Business,India,New
C002326,Group,India,Gold
C002327,Business,India,Gold
C002328,Individual,USA,New
C002329,Family,India,Gold
C002330,Individual,India,New
C002331,Individual,India,Silver
C002332,Individual,Singapore,Platinum
C002333,Family,Canada,Gold
C002334,Family,India,Platinum
C002335,Individual,India,Regular
C002336,Couple,India,New
C002337,Couple,India,New
C002338,Couple,India,Regular
C002339,Individual,India,Gold
C002340,Couple,India,New
C002341,Business,Canada,Silver
C002342,Individual,India,Regular
C002343,Individual,India,Regular
C002344,Couple,India,Silver
C002345,Group,India,Regular
C002346,Family,India,Gold
C002347,Family,India,New
C002348,Couple,India,Gold
C002349,Family,USA,New
C002350,Individual,Canada,New
C002351,Family,India,Silver
C002352,Group,India,Gold
C002353,Family,India,New
C002354,Business,India,Regular
C002355,Family,India,Regular
C002356,Individual,UK,New
C002357,Group,Germany,Gold
C002358,Individual,Canada,Silver
C002359,Couple,India,New
C002360,Individual,Singapore,Regular
C002361,Individual,USA,Silver
C002362,Couple,India,Regular
C002363,Individual,India,Silver
C002364,Couple,UAE,New
C002365,Family,India,Silver
C002366,Individual,India,New
C002367,Individual,India,Gold
C002368,Couple,India,Regular
C002369,Individual,India,New
C002370,Family,Australia,Gold
C002371,Family,India,New
C002372,Business,India,Regular
C002373,Family,India,Regular
C002374,Couple,India,New
C002375,Family,India,Gold
C002376,Individual,India,Silver
C002377,Individual,India,New
C002378,Business,India,Silver
C002379,Couple,India,Regular
C002380,Business,India,Gold
C002381,Business,India,Regular
C002382,Business,India,Regular
C002383,Group,Germany,Regular
C002384,Couple,India,Regular
C002385,Individual,India,Regular
C002386,Family,India,New
C002387,Couple,India,Silver
C002388,Family,Germany,Regular
C002389,Family,India,Platinum
C002390,Family,India,New
C002391,Couple,India,Silver
C002392,Individual,India,Platinum
C002393,Couple,UAE,Silver
C002394,Individual,India,Gold
C002395,Business,India,Gold
C002396,Individual,India,Regular
C002397,Individual,India,Silver
C002398,Individual,Singapore,New
C002399,Family,India,Regular
C002400,Family,India,New
C002401,Individual,India,Silver
C002402,Individual,India,Regular
C002403,Couple,India,Regular
C002404,Individual,India,New
C002405,Family,India,Platinum
C002406,Family,India,New
C002407,Couple,India,New
C002408,Individual,Germany,New
C002409,Group,India,Platinum
C002410,Couple,India,Platinum
C002411,Family,India,Silver
C002412,Individual,India,Gold
C002413,Couple,India,New
C002414,Individual,UAE,Platinum
C002415,Couple,India,New
C002416,Group,India,New
C002417,Couple,India,New
C002418,Individual,India,Regular
C002419,Individual,India,Gold
C002420,Couple,USA,Regular
C002421,Individual,India,Platinum
C002422,Individual,India,Regular
C002423,Business,India,New
C002424,Couple,India,Regular
C002425,Individual,India,Silver
C002426,Group,India,Gold
C002427,Individual,India,Regular
C002428,Group,India,Regular
C002429,Individual,India,New
C002430,Business,India,Silver
C002431,Family,India,Platinum
C002432,Business,India,New
C002433,Group,India,Gold
C002434,Individual,India,Regular
C002435,Group,India,New
C002436,Couple,Singapore,Platinum
C002437,Couple,India,Regular
C002438,Individual,India,Regular
C002439,Couple,India,New
C002440,Individual,India,New
C002441,Couple,India,Gold
C002442,Couple,India,Silver
C002443,Business,India,Gold
C002444,Business,India,New
C002445,Couple,India,New
C002446,Individual,USA,New
C002447,Individual,India,Regular
C002448,Individual,India,Platinum
C002449,Individual,India,Silver
C002450,Individual,India,Regular
C002451,Individual,India,Gold
C002452,Group,India,Gold
C002453,Couple,India,New
C002454,Individual,India,Gold
C002455,Family,Singapore,Regular
C002456,Individual,Germany,New
C002457,Couple,India,New
C002458,Family,India,Regular
C002459,Couple,India,Regular
C002460,Couple,India,New
C002461,Group,India,New
C002462,Business,India,Silver
C002463,Family,Australia,Platinum
C002464,Couple,India,Silver
C002465,Family,India,New
C002466,Individual,India,New
C002467,Couple,UAE,New
C002468,Individual,India,New
C002469,Couple,India,Regular
C002470,Couple,India,Silver
C002471,Individual,UAE,Silver
C002472,Group,India,Silver
C002473,Group,Singapore,New
C002474,Family,India,Regular
C002475,Couple,India,Silver
C002476,Business,India,Regular
C002477,Individual,India,New
C002478,Business,India,Regular
C002479,Individual,Singapore,New
C002480,Business,India,New
C002481,Individual,India,Gold
C002482,Business,India,Gold
C002483,Group,India,New
C002484,Individual,India,New
C002485,Couple,India,Silver
C002486,Group,India,New
C002487,Couple,India,Regular
C002488,Business,Canada,New
C002489,Family,India,New
C002490,Couple,UK,Gold
C002491,Individual,India,Gold
C002492,Individual,India,New
C002493,Business,India,Regular
C002494,Couple,India,New
C002495,Couple,Singapore,New
C002496,Couple,India,Platinum
C002497,Family,India,Silver
C002498,Business,UAE,Regular
C002499,Group,India,Silver
C002500,Couple,India,Gold
C002501,Business,India,Gold
C002502,Business,UAE,New
C002503,Family,India,New
C002504,Group,India,Silver
C002505,Individual,India,Regular
C002506,Individual,Canada,Platinum
C002507,Business,India,Silver
C002508,Couple,India,Platinum
C002509,Business,India,New
C002510,Business,Australia,Gold
C002511,Individual,UAE,Regular
C002512,Business,Germany,Platinum
C002513,Couple,India,New
C002514,Couple,India,Regular
C002515,Family,India,Gold
C002516,Group,UAE,Regular
C002517,Individual,India,Regular
C002518,Couple,India,Platinum
C002519,Family,UK,Regular
C002520,Family,India,Silver
C002521,Family,India,New
C002522,Individual,India,Gold
C002523,Individual,India,Silver
C002524,Couple,USA,Regular
C002525,Business,India,New
C002526,Individual,India,Regular
C002527,Individual,India,New
C002528,Group,India,New
C002529,Individual,India,Silver
C002530,Group,India,New
C002531,Family,India,New
C002532,Business,India,Silver
C002533,Individual,India,New
C002534,Individual,India,Regular
C002535,Family,UAE,New
C002536,Business,USA,Regular
C002537,Family,UK,Silver
C002538,Individual,India,Silver
C002539,Business,India,New
C002540,Business,India,New
C002541,Family,India,New
C002542,Business,India,Regular
C002543,Business,India,Platinum
C002544,Family,Germany,New
C002545,Individual,India,New
C002546,Couple,India,New
C002547,Individual,UK,Silver
C002548,Couple,India,Silver
C002549,Couple,UAE,Silver
C002550,Individual,USA,Gold
C002551,Individual,Canada,Regular
C002552,Individual,India,New
C002553,Business,India,New
C002554,Group,India,Silver
C002555,Individual,India,Silver
C002556,Group,India,Regular
C002557,Couple,India,Silver
C002558,Individual,India,Silver
C002559,Individual,India,Gold
C002560,Couple,UAE,Regular
C002561,Business,USA,Silver
C002562,Family,India,New
C002563,Individual,India,Silver
C002564,Individual,USA,Gold
C002565,Couple,India,Regular
C002566,Individual,Singapore,Silver
C002567,Individual,Australia,Silver
C002568,Individual,India,New
C002569,Business,UAE,Regular
C002570,Group,India,New
C002571,Couple,India,Platinum
C002572,Group,India,Gold
C002573,Individual,India,New
C002574,Couple,USA,New
C002575,Individual,India,Regular
C002576,Family,India,Regular
C002577,Group,India,New
C002578,Family,USA,Regular
C002579,Couple,Australia,Regular
C002580,Family,USA,New
C002581,Individual,India,Gold
C002582,Business,India,Gold
C002583,Couple,India,Silver
C002584,Couple,India,Gold
C002585,Family,India,New
C002586,Family,India,New
C002587,Individual,India,New
C002588,Family,USA,Silver
C002589,Individual,India,Platinum
C002590,Family,India,Silver
C002591,Business,India,Gold
C002592,Business,UAE,Silver
C002593,Couple,USA,Regular
C002594,Couple,Singapore,Regular
C002595,Individual,India,New
C002596,Business,Germany,New
C002597,Individual,India,Silver
C002598,Couple,India,Regular
C002599,Individual,Germany,Regular
C002600,Individual,India,Regular
C002601,Family,India,New
C002602,Individual,India,Regular
C002603,Family,India,Regular
C002604,Individual,Australia,Regular
C002605,Individual,India,Gold
C002606,Couple,India,Regular
C002607,Individual,India,Silver
C002608,Individual,India,Gold
C002609,Family,India,Gold
C002610,Individual,India,Gold
C002611,Business,India,New
C002612,Individual,India,New
C002613,Individual,Australia,New
C002614,Family,India,New
C002615,Individual,India,Gold
C002616,Individual,India,Silver
C002617,Couple,India,New
C002618,Individual,USA,New
C002619,Business,Germany,New
C002620,Individual,India,Silver
C002621,Business,Singapore,Silver
C002622,Business,India,Gold
C002623,Couple,India,Platinum
C002624,Group,India,New
C002625,Couple,India,Regular
C002626,Group,India,New
C002627,Individual,Singapore,Regular
C002628,Family,India,Gold
C002629,Couple,Australia,Regular
C002630,Couple,USA,Silver
C002631,Family,India,Regular
C002632,Family,India,New
C002633,Individual,India,New
C002634,Individual,Germany,Regular
C002635,Family,India,Silver
C002636,Family,India,New
C002637,Group,India,Silver
C002638,Business,India,Gold
C002639,Group,India,Regular
C002640,Family,India,Silver
C002641,Individual,India,Regular
C002642,Individual,India,Silver
C002643,Business,India,Silver
C002644,Family,India,Platinum
C002645,Individual,India,Regular
C002646,Couple,India,Regular
C002647,Group,India,New
C002648,Couple,India,New
C002649,Couple,India,Silver
C002650,Couple,India,Gold
C002651,Individual,India,Regular
C002652,Couple,India,New
C002653,Couple,India,New
C002654,Individual,UAE,Regular
C002655,Business,USA,New
C002656,Couple,USA,New
C002657,Business,USA,Silver
C002658,Business,India,New
C002659,Individual,India,Regular
C002660,Family,India,Gold
C002661,Couple,India,New
C002662,Business,India,Silver
C002663,Individual,UK,Silver
C002664,Family,India,Silver
C002665,Family,India,Regular
C002666,Individual,India,Regular
C002667,Individual,India,Gold
C002668,Family,India,Silver
C002669,Family,Singapore,Regular
C002670,Individual,India,New
C002671,Family,UK,New
C002672,Couple,India,New
C002673,Family,Singapore,Regular
C002674,Individual,India,New
C002675,Business,India,Regular
C002676,Individual,India,Silver
C002677,Couple,USA,New
C002678,Individual,Canada,Silver
C002679,Individual,India,Silver
C002680,Couple,India,New
C002681,Individual,Australia,Silver
C002682,Business,India,Silver
C002683,Individual,India,Regular
C002684,Couple,India,New
C002685,Individual,India,Regular
C002686,Individual,UK,Platinum
C002687,Individual,USA,Silver
C002688,Couple,India,New
C002689,Couple,India,Silver
C002690,Couple,UAE,Regular
C002691,Couple,India,Regular
C002692,Family,Singapore,Silver
C002693,Individual,India,Regular
C002694,Couple,India,Gold
C002695,Group,Australia,Silver
C002696,Couple,India,Silver
C002697,Family,India,New
C002698,Individual,India,Gold
C002699,Business,India,Platinum
C002700,Business,India,New
C002701,Couple,Germany,Regular
C002702,Group,USA,New
C002703,Individual,India,Silver
C002704,Individual,India,Silver
C002705,Business,India,New
C002706,Business,India,Gold
C002707,Individual,India,New
C002708,Individual,UK,Gold
C002709,Individual,India,Regular
C002710,Individual,UAE,Regular
C002711,Business,India,New
C002712,Couple,India,New
C002713,Individual,India,Silver
C002714,Couple,India,Regular
C002715,Individual,India,New
C002716,Individual,Canada,New
C002717,Family,India,New
C002718,Group,Australia,Silver
C002719,Business,India,Silver
C002720,Individual,Germany,New
C002721,Business,India,Regular
C002722,Business,Australia,New
C002723,Business,India,Gold
C002724,Couple,USA,Gold
C002725,Couple,Australia,Silver
C002726,Individual,India,Platinum
C002727,Individual,India,Gold
C002728,Individual,India,Gold
C002729,Individual,Australia,Regular
C002730,Couple,India,Regular
C002731,Family,India,New
C002732,Couple,India,Regular
C002733,Individual,India,Silver
C002734,Group,UAE,New
C002735,Group,India,New
C002736,Business,India,Regular
C002737,Group,Australia,New
C002738,Couple,India,Regular
C002739,Group,India,Platinum
C002740,Individual,India,Silver
C002741,Couple,India,Silver
C002742,Individual,India,Regular
C002743,Individual,USA,Regular
C002744,Individual,India,New
C002745,Family,India,Gold
C002746,Business,India,New
C002747,Family,India,New
C002748,Individual,USA,Silver
C002749,Business,India,New
C002750,Family,India,Regular
C002751,Couple,India,New
C002752,Family,India,New
C002753,Individual,India,New
C002754,Individual,India,New
C002755,Group,India,Silver
C002756,Individual,USA,Gold
C002757,Couple,India,Regular
C002758,Business,Singapore,Gold
C002759,Family,Singapore,New
C002760,Individual,India,Regular
C002761,Individual,India,New
C002762,Individual,India,Silver
C002763,Family,India,Regular
C002764,Couple,USA,Silver
C002765,Individual,India,Silver
C002766,Group,India,Regular
C002767,Couple,India,Silver
C002768,Individual,India,Platinum
C002769,Couple,India,New
C002770,Family,USA,Regular
C002771,Individual,India,Silver
C002772,Individual,USA,Silver
C002773,Business,India,New
C002774,Couple,India,Regular
C002775,Couple,India,Regular
C002776,Couple,India,Regular
C002777,Individual,India,New
C002778,Individual,UK,Platinum
C002779,Couple,Singapore,Silver
C002780,Individual,India,Regular
C002781,Individual,India,Silver
C002782,Business,India,Gold
C002783,Group,Singapore,New
C002784,Business,India,New
C002785,Business,Canada,Regular
C002786,Individual,India,Gold
C002787,Group,India,New
C002788,Individual,Australia,Platinum
C002789,Group,India,Regular
C002790,Group,India,Regular
C002791,Family,India,New
C002792,Group,India,New
C002793,Couple,India,Gold
C002794,Individual,India,Platinum
C002795,Couple,USA,Regular
C002796,Family,India,Platinum
C002797,Individual,Australia,Gold
C002798,Family,India,Regular
C002799,Group,India,Silver
C002800,Individual,India,Regular
C002801,Business,India,Regular
C002802,Group,India,New
C002803,Group,Germany,Silver
C002804,Group,India,New
C002805,Couple,India,Gold
C002806,Group,India,Gold
C002807,Business,USA,New
C002808,Individual,UAE,Regular
C002809,Couple,India,Regular
C002810,Family,India,Regular
C002811,Individual,India,New
C002812,Family,India,Regular
C002813,Family,India,New
C002814,Individual,India,New
C002815,Couple,India,New
C002816,Business,India,New
C002817,Couple,India,Gold
C002818,Individual,Canada,Platinum
C002819,Individual,Australia,Regular
C002820,Couple,India,Regular
C002821,Group,India,New
C002822,Individual,India,Regular
C002823,Family,India,New
C002824,Individual,USA,Silver
C002825,Individual,India,Platinum
C002826,Business,UAE,New
C002827,Family,Canada,Silver
C002828,Individual,India,New
C002829,Couple,India,Regular
C002830,Individual,India,New
C002831,Couple,India,Regular
C002832,Family,India,New
C002833,Individual,India,Regular
C002834,Individual,Singapore,Regular
C002835,Couple,India,Regular
C002836,Group,India,Silver
C002837,Group,India,Gold
C002838,Individual,India,Regular
C002839,Business,India,New
C002840,Couple,Singapore,New
C002841,Couple,India,Gold
C002842,Business,India,Regular
C002843,Group,India,Regular
C002844,Group,India,New
C002845,Family,UAE,Regular
C002846,Couple,India,New
C002847,Business,UAE,Platinum
C002848,Individual,India,Gold
C002849,Couple,India,New
C002850,Couple,India,Regular
C002851,Family,India,New
C002852,Individual,India,Regular
C002853,Individual,UK,Gold
C002854,Group,India,Regular
C002855,Individual,India,Regular
C002856,Couple,India,New
C002857,Individual,India,Gold
C002858,Individual,India,Silver
C002859,Individual,India,Regular
C002860,Individual,India,New
C002861,Business,India,Regular
C002862,Individual,India,Platinum
C002863,Group,India,Regular
C002864,Family,India,Regular
C002865,Couple,India,Regular
C002866,Family,Germany,Silver
C002867,Couple,India,Regular
C002868,Business,India,New
C002869,Individual,India,Regular
C002870,Couple,India,Silver
C002871,Business,UAE,Silver
C002872,Group,India,Gold
C002873,Business,Canada,Regular
C002874,Couple,Singapore,New
C002875,Business,India,Platinum
C002876,Couple,India,Regular
C002877,Couple,India,Silver
C002878,Individual,India,Silver
C002879,Family,India,Regular
C002880,Individual,India,New
C002881,Individual,India,Silver
C002882,Business,India,Gold
C002883,Individual,India,Regular
C002884,Individual,Singapore,Regular
C002885,Individual,India,New
C002886,Group,UAE,New
C002887,Couple,India,Regular
C002888,Couple,India,Regular
C002889,Business,India,Platinum
C002890,Business,India,Gold
C002891,Individual,India,Silver
C002892,Family,India,Regular
C002893,Business,UK,New
C002894,Family,India,Platinum
C002895,Individual,India,Regular
C002896,Business,UAE,New
C002897,Couple,USA,Regular
C002898,Individual,India,Gold
C002899,Couple,India,Gold
C002900,Individual,Singapore,New
C002901,Individual,India,Gold
C002902,Business,India,New
C002903,Individual,India,New
C002904,Couple,UK,Gold
C002905,Couple,India,Gold
C002906,Individual,Germany,Regular
C002907,Group,India,Regular
C002908,Individual,UK,Gold
C002909,Individual,India,Gold
C002910,Individual,India,Gold
C002911,Individual,Singapore,Regular
C002912,Individual,India,Platinum
C002913,Family,India,Platinum
C002914,Group,India,New
C002915,Individual,India,Gold
C002916,Family,India,Regular
C002917,Family,India,Regular
C002918,Business,India,Silver
C002919,Couple,India,New
C002920,Individual,India,Regular
C002921,Individual,India,Gold
C002922,Family,USA,New
C002923,Business,India,Regular
C002924,Individual,India,Platinum
C002925,Couple,Canada,Regular
C002926,Group,India,Regular
C002927,Business,UAE,Regular
C002928,Group,Singapore,Regular
C002929,Business,UK,Silver
C002930,Couple,India,Gold
C002931,Family,UAE,Regular
C002932,Family,UK,Gold
C002933,Individual,India,Regular
C002934,Couple,India,Regular
C002935,Family,India,Silver
C002936,Individual,India,Silver
C002937,Business,India,Regular
C002938,Family,India,New
C002939,Group,India,New
C002940,Individual,India,New
C002941,Individual,India,New
C002942,Family,India,Silver
C002943,Individual,Australia,New
C002944,Family,India,Silver
C002945,Business,India,New
C002946,Individual,India,Regular
C002947,Couple,India,Regular
C002948,Couple,USA,New
C002949,Couple,Australia,Gold
C002950,Group,India,New
C002951,Business,Canada,Regular
C002952,Family,India,Gold
C002953,Family,India,Silver
C002954,Couple,India,New
C002955,Group,Singapore,Regular
C002956,Family,India,Silver
C002957,Family,India,Platinum
C002958,Business,UAE,Gold
C002959,Individual,India,Regular
C002960,Business,India,Platinum
C002961,Individual,Singapore,New
C002962,Individual,India,New
C002963,Individual,India,Gold
C002964,Group,India,New
C002965,Business,India,New
C002966,Family,India,New
C002967,Family,India,Regular
C002968,Couple,India,Silver
C002969,Group,India,Silver
C002970,Couple,Singapore,New
C002971,Couple,Germany,Regular
C002972,Individual,India,Platinum
C002973,Business,India,Gold
C002974,Family,Australia,Regular
C002975,Couple,India,Platinum
C002976,Individual,India,Silver
C002977,Business,Australia,New
C002978,Individual,USA,New
C002979,Family,USA,New
C002980,Group,USA,Silver
C002981,Couple,India,New
C002982,Individual,India,Regular
C002983,Family,India,New
C002984,Business,India,Platinum
C002985,Couple,India,Regular
C002986,Group,UK,Gold
C002987,Individual,UK,Platinum
C002988,Couple,India,New
C002989,Family,UK,Regular
C002990,Business,UAE,New
C002991,Individual,India,Gold
C002992,Business,India,Regular
C002993,Couple,India,New
C002994,Couple,India,New
C002995,Individual,India,Regular
C002996,Business,India,Platinum
C002997,Individual,India,Silver
C002998,Individual,India,Gold
C002999,Individual,Australia,Regular
C003000,Business,India,New
C003001,Family,USA,Platinum
C003002,Business,India,New
C003003,Individual,India,Platinum
C003004,Family,Australia,Regular
C003005,Family,India,New
C003006,Business,India,Silver
C003007,Group,USA,Platinum
C003008,Individual,India,Platinum
C003009,Family,India,New
C003010,Individual,India,New
C003011,Couple,UAE,Regular
C003012,Individual,India,Silver
C003013,Individual,India,Silver
C003014,Couple,India,New
C003015,Family,India,Platinum
C003016,Individual,UK,Silver
C003017,Family,India,Gold
C003018,Couple,India,Regular
C003019,Individual,India,Regular
C003020,Business,Singapore,Platinum
C003021,Individual,India,Regular
C003022,Couple,UAE,Gold
C003023,Family,UK,Platinum
C003024,Individual,India,Silver
C003025,Individual,India,Regular
C003026,Couple,India,New
C003027,Group,UAE,New
C003028,Family,India,New
C003029,Family,India,New
C003030,Family,UK,New
C003031,Individual,India,Regular
C003032,Couple,India,Regular
C003033,Business,India,Regular
C003034,Individual,India,New
C003035,Individual,UK,New
C003036,Individual,India,Silver
C003037,Couple,India,Regular
C003038,Group,UAE,Regular
C003039,Individual,India,Silver
C003040,Couple,Germany,Gold
C003041,Individual,Germany,Regular
C003042,Group,India,Silver
C003043,Individual,India,Platinum
C003044,Couple,USA,Gold
C003045,Family,India,Regular
C003046,Family,India,Silver
C003047,Couple,USA,New
C003048,Individual,India,Regular
C003049,Couple,Singapore,Platinum
C003050,Individual,India,Regular
C003051,Individual,India,Platinum
C003052,Couple,India,Regular
C003053,Individual,Canada,Platinum
C003054,Individual,India,Regular
C003055,Family,UK,New
C003056,Group,India,Regular
C003057,Family,India,New
C003058,Individual,India,New
C003059,Individual,India,Gold
C003060,Group,India,New
C003061,Individual,India,Gold
C003062,Individual,India,New
C003063,Family,Canada,New
C003064,Family,India,Platinum
C003065,Family,Canada,Regular
C003066,Individual,India,Silver
C003067,Individual,India,Silver
C003068,Group,India,Regular
C003069,Individual,India,Gold
C003070,Family,India,Silver
C003071,Family,India,Regular
C003072,Family,India,Gold
C003073,Individual,USA,New
C003074,Individual,India,Regular
C003075,Family,UAE,Platinum
C003076,Business,India,Silver
C003077,Group,India,Gold
C003078,Individual,India,Silver
C003079,Individual,India,Gold
C003080,Group,India,Platinum
C003081,Family,India,New
C003082,Business,India,New
C003083,Individual,India,Regular
C003084,Family,India,Silver
C003085,Family,India,New
C003086,Family,India,New
C003087,Couple,Canada,Regular
C003088,Individual,USA,Platinum
C003089,Family,India,Silver
C003090,Individual,Singapore,Regular
C003091,Couple,Singapore,New
C003092,Group,India,Regular
C003093,Couple,India,New
C003094,Business,Germany,New
C003095,Individual,India,Gold
C003096,Family,Australia,Platinum
C003097,Group,India,New
C003098,Individual,India,New
C003099,Individual,India,Regular
C003100,Couple,India,Regular
C003101,Individual,UAE,New
C003102,Family,Germany,Regular
C003103,Group,India,New
C003104,Couple,India,Silver
C003105,Individual,UK,Silver
C003106,Couple,India,Silver
C003107,Family,India,Regular
C003108,Individual,India,Gold
C003109,Family,USA,Platinum
C003110,Family,UK,New
C003111,Family,India,New
C003112,Individual,India,Regular
C003113,Family,Germany,New
C003114,Individual,India,Regular
C003115,Individual,India,Regular
C003116,Business,India,Regular
C003117,Family,USA,Regular
C003118,Individual,India,Regular
C003119,Individual,India,Platinum
C003120,Individual,India,New
C003121,Individual,India,Silver
C003122,Individual,India,New
C003123,Individual,India,New
C003124,Couple,India,Regular
C003125,Family,India,New
C003126,Family,India,New
C003127,Family,India,New
C003128,Individual,Australia,Regular
C003129,Group,Singapore,Silver
C003130,Business,India,New
C003131,Business,UK,Silver
C003132,Business,India,New
C003133,Group,Germany,Silver
C003134,Couple,India,Regular
C003135,Individual,India,Silver
C003136,Family,India,Platinum
C003137,Family,India,Platinum
C003138,Family,Canada,New
C003139,Couple,India,Gold
C003140,Individual,India,New
C003141,Couple,India,Platinum
C003142,Group,USA,New
C003143,Family,India,Regular
C003144,Couple,India,New
C003145,Individual,Canada,New
C003146,Couple,India,Silver
C003147,Business,India,Platinum
C003148,Family,Australia,Silver
C003149,Business,India,Silver
C003150,Couple,India,Silver
C003151,Family,India,New
C003152,Individual,UAE,New
C003153,Family,India,New
C003154,Couple,Canada,Regular
C003155,Couple,UK,New
C003156,Family,India,New
C003157,Group,USA,New
C003158,Individual,India,New
C003159,Business,India,Gold
C003160,Individual,UK,New
C003161,Couple,Canada,Regular
C003162,Individual,India,Regular
C003163,Individual,India,Regular
C003164,Couple,India,New
C003165,Individual,India,Regular
C003166,Couple,India,New
C003167,Group,India,Regular
C003168,Individual,India,New
C003169,Business,India,Regular
C003170,Couple,India,Silver
C003171,Family,UAE,Regular
C003172,Individual,UK,Regular
C003173,Individual,India,Regular
C003174,Individual,India,Gold
C003175,Individual,India,New
C003176,Individual,India,Silver
C003177,Family,India,Silver
C003178,Business,USA,Regular
C003179,Business,India,New
C003180,Family,India,Regular
C003181,Individual,India,New
C003182,Individual,India,New
C003183,Individual,India,New
C003184,Individual,Germany,New
C003185,Couple,India,Regular
C003186,Couple,India,Gold
C003187,Couple,India,New
C003188,Couple,Australia,Platinum
C003189,Business,India,Platinum
C003190,Business,India,Platinum
C003191,Individual,Singapore,Gold
C003192,Group,India,Regular
C003193,Group,India,New
C003194,Individual,India,Regular
C003195,Couple,India,Regular
C003196,Couple,India,Gold
C003197,Group,India,Platinum
C003198,Business,India,Regular
C003199,Individual,India,Regular
C003200,Couple,India,New
C003201,Couple,India,New
C003202,Couple,India,Regular
C003203,Individual,Australia,Regular
C003204,Business,India,Gold
C003205,Family,India,Regular
C003206,Business,India,Gold
C003207,Business,India,Silver
C003208,Family,India,Gold
C003209,Couple,India,New
C003210,Family,India,Gold
C003211,Individual,India,Silver
C003212,Family,UK,New
C003213,Individual,India,New
C003214,Family,India,Platinum
C003215,Individual,India,New
C003216,Individual,India,Regular
C003217,Individual,India,Regular
C003218,Individual,India,Silver
C003219,Family,India,Gold
C003220,Family,USA,Regular
C003221,Couple,Singapore,Regular
C003222,Individual,India,Platinum
C003223,Individual,India,Gold
C003224,Individual,Singapore,Gold
C003225,Individual,India,Regular
C003226,Business,India,New
C003227,Individual,India,Regular
C003228,Couple,India,Silver
C003229,Individual,India,New
C003230,Individual,India,New
C003231,Couple,India,New
C003232,Family,India,Regular
C003233,Individual,UK,Gold
C003234,Individual,India,New
C003235,Couple,India,Silver
C003236,Individual,India,Platinum
C003237,Individual,USA,New
C003238,Group,UK,Silver
C003239,Family,India,Platinum
C003240,Couple,India,Platinum
C003241,Couple,USA,New
C003242,Couple,India,New
C003243,Couple,India,New
C003244,Family,India,Silver
C003245,Family,India,Silver
C003246,Individual,India,Silver
C003247,Couple,India,Regular
C003248,Couple,India,New
C003249,Business,Australia,Regular
C003250,Family,UK,Regular
C003251,Couple,Australia,Silver
C003252,Individual,Germany,Regular
C003253,Family,India,Regular
C003254,Individual,India,New
C003255,Individual,India,New
C003256,Individual,UAE,New
C003257,Family,India,New
C003258,Individual,Germany,Regular
C003259,Couple,India,New
C003260,Business,UK,New
C003261,Individual,India,Silver
C003262,Couple,India,Regular
C003263,Couple,USA,Silver
C003264,Individual,India,Silver
C003265,Business,UAE,Regular
C003266,Individual,India,Platinum
C003267,Couple,India,New
C003268,Couple,India,Silver
C003269,Family,India,Platinum
C003270,Family,India,Gold
C003271,Individual,India,New
C003272,Individual,India,Regular
C003273,Family,India,New
C003274,Couple,India,Silver
C003275,Business,India,Silver
C003276,Business,USA,Regular
C003277,Business,India,Regular
C003278,Couple,India,Silver
C003279,Individual,India,Regular
C003280,Business,India,Gold
C003281,Couple,India,Silver
C003282,Individual,Germany,New
C003283,Business,Singapore,Silver
C003284,Business,India,New
C003285,Couple,India,Regular
C003286,Individual,UAE,Platinum
C003287,Couple,India,Gold
C003288,Business,India,Regular
C003289,Group,India,New
C003290,Individual,India,New
C003291,Individual,Canada,Regular
C003292,Business,India,New
C003293,Couple,India,Regular
C003294,Couple,India,New
C003295,Group,UK,Regular
C003296,Individual,UAE,New
C003297,Family,India,Platinum
C003298,Individual,India,Silver
C003299,Couple,India,Regular
C003300,Business,UAE,New
C003301,Couple,UK,Regular
C003302,Group,India,New
C003303,Couple,USA,Regular
C003304,Individual,India,Gold
C003305,Individual,India,Silver
C003306,Couple,India,Silver
C003307,Couple,India,Regular
C003308,Individual,India,Platinum
C003309,Couple,India,Platinum
C003310,Couple,India,Regular
C003311,Family,India,Regular
C003312,Family,India,Regular
C003313,Family,India,New
C003314,Individual,India,Silver
C003315,Individual,India,Regular
C003316,Family,India,New
C003317,Couple,Singapore,New
C003318,Individual,USA,Regular
C003319,Business,UAE,Gold
C003320,Business,India,Regular
C003321,Couple,India,Silver
C003322,Individual,India,Regular
C003323,Business,India,Regular
C003324,Family,India,Regular
C003325,Business,India,Silver
C003326,Business,UAE,New
C003327,Business,India,Regular
C003328,Couple,Australia,New
C003329,Individual,Singapore,Regular
C003330,Family,India,Platinum
C003331,Family,USA,New
C003332,Family,India,Regular
C003333,Individual,UK,Regular
C003334,Individual,India,Gold
C003335,Business,UK,Regular
C003336,Family,India,Silver
C003337,Group,Canada,Gold
C003338,Business,India,Regular
C003339,Family,India,Regular
C003340,Family,UK,Regular
C003341,Business,UAE,Gold
C003342,Family,India,New
C003343,Family,India,Regular
C003344,Individual,India,Silver
C003345,Couple,Canada,Regular
C003346,Family,USA,Regular
C003347,Individual,UAE,Regular
C003348,Individual,India,New
C003349,Individual,India,Regular
C003350,Individual,India,Regular
C003351,Individual,UAE,Gold
C003352,Couple,India,New
C003353,Group,UAE,Gold
C003354,Couple,India,Silver
C003355,Individual,India,New
C003356,Individual,India,Silver
C003357,Family,India,New
C003358,Couple,India,Platinum
C003359,Business,India,Gold
C003360,Family,India,New
C003361,Business,UAE,New
C003362,Individual,India,Regular
C003363,Family,India,Regular
C003364,Individual,India,Regular
C003365,Group,India,Regular
C003366,Family,UK,Silver
C003367,Individual,India,New
C003368,Individual,UK,Gold
C003369,Individual,India,Gold
C003370,Family,India,Regular
C003371,Individual,India,Gold
C003372,Family,India,New
C003373,Individual,India,New
C003374,Family,USA,Silver
C003375,Business,India,Regular
C003376,Business,India,Regular
C003377,Business,India,Gold
C003378,Individual,India,Platinum
C003379,Individual,India,Silver
C003380,Family,India,Silver
C003381,Couple,India,New
C003382,Couple,India,New
C003383,Individual,India,Silver
C003384,Individual,UAE,Regular
C003385,Individual,India,Regular
C003386,Business,India,Regular
C003387,Individual,Germany,Silver
C003388,Couple,India,New
C003389,Individual,India,Silver
C003390,Family,India,New
C003391,Individual,India,New
C003392,Business,India,Regular
C003393,Business,Canada,New
C003394,Individual,USA,Gold
C003395,Group,UK,New
C003396,Group,USA,New
C003397,Business,India,Regular
C003398,Business,India,Regular
C003399,Individual,UAE,New
C003400,Family,Canada,New
C003401,Individual,India,Platinum
C003402,Individual,Australia,Silver
C003403,Group,India,Regular
C003404,Individual,India,Regular
C003405,Family,India,New
C003406,Business,India,Regular
C003407,Business,India,Silver
C003408,Group,India,Gold
C003409,Individual,India,New
C003410,Individual,India,Gold
C003411,Couple,India,New
C003412,Individual,Germany,New
C003413,Individual,India,New
C003414,Couple,India,New
C003415,Business,India,Gold
C003416,Couple,India,Regular
C003417,Individual,UK,New
C003418,Family,India,Platinum
C003419,Individual,UK,Gold
C003420,Individual,India,Silver
C003421,Business,India,Platinum
C003422,Family,India,New
C003423,Business,India,Gold
C003424,Individual,India,Silver
C003425,Business,India,Gold
C003426,Family,India,Gold
C003427,Couple,India,Regular
C003428,Family,Germany,Silver
C003429,Business,India,New
C003430,Family,India,Regular
C003431,Family,India,New
C003432,Group,India,Platinum
C003433,Business,India,New
C003434,Couple,Singapore,Regular
C003435,Family,Canada,Regular
C003436,Couple,India,Platinum
C003437,Individual,India,Regular
C003438,Family,India,Silver
C003439,Group,India,Gold
C003440,Group,India,Regular
C003441,Individual,India,Regular
C003442,Couple,India,Silver
C003443,Individual,India,Gold
C003444,Group,India,Silver
C003445,Group,India,New
C003446,Family,India,Gold
C003447,Business,India,Regular
C003448,Family,UAE,Regular
C003449,Family,India,Gold
C003450,Individual,UK,New
C003451,Couple,India,Gold
C003452,Family,India,Regular
C003453,Family,India,Gold
C003454,Couple,India,New
C003455,Group,Canada,Regular
C003456,Individual,India,Gold
C003457,Couple,India,New
C003458,Family,India,New
C003459,Family,Canada,Platinum
C003460,Family,India,New
C003461,Individual,Canada,Platinum
C003462,Individual,Australia,New
C003463,Family,India,Regular
C003464,Family,UK,Silver
C003465,Individual,Germany,Silver
C003466,Family,India,Regular
C003467,Couple,India,Regular
C003468,Family,India,Gold
C003469,Business,India,New
C003470,Individual,India,Regular
C003471,Individual,India,New
C003472,Business,India,Regular
C003473,Family,India,New
C003474,Family,India,Regular
C003475,Business,Singapore,Regular
C003476,Business,USA,New
C003477,Group,India,New
C003478,Couple,India,Silver
C003479,Couple,India,Regular
C003480,Couple,Canada,Gold
C003481,Individual,India,Silver
C003482,Family,India,New
C003483,Individual,Australia,Silver
C003484,Group,Australia,New
C003485,Family,USA,Gold
C003486,Family,UK,Platinum
C003487,Couple,India,Regular
C003488,Individual,India,Silver
C003489,Individual,India,New
C003490,Couple,India,Regular
C003491,Individual,UAE,Gold
C003492,Family,India,New
C003493,Business,India,New
C003494,Business,Australia,Regular
C003495,Family,India,Silver
C003496,Individual,Germany,Regular
C003497,Business,Germany,Platinum
C003498,Business,India,New
C003499,Individual,India,Regular
C003500,Family,India,Silver
C003501,Individual,India,New
C003502,Business,India,Silver
C003503,Group,India,New
C003504,Individual,Germany,New
C003505,Business,India,New
C003506,Family,USA,Platinum
C003507,Group,India,Regular
C003508,Couple,India,Gold
C003509,Business,Australia,Regular
C003510,Individual,India,Regular
C003511,Individual,India,Regular
C003512,Individual,India,Platinum
C003513,Group,USA,Silver
C003514,Business,India,Silver
C003515,Business,India,New
C003516,Group,India,Regular
C003517,Individual,Canada,Regular
C003518,Couple,Australia,Platinum
C003519,Individual,India,New
C003520,Individual,UAE,New
C003521,Individual,India,Regular
C003522,Couple,India,New
C003523,Individual,India,New
C003524,Individual,India,Gold
C003525,Individual,India,Regular
C003526,Individual,India,Gold
C003527,Group,India,Gold
C003528,Business,UK,New
C003529,Group,India,Regular
C003530,Couple,India,New
C003531,Individual,Australia,Gold
C003532,Business,India,Regular
C003533,Individual,India,Regular
C003534,Individual,UK,Regular
C003535,Individual,India,Regular
C003536,Individual,India,New
C003537,Individual,India,Regular
C003538,Couple,Singapore,Gold
C003539,Family,India,Gold
C003540,Individual,Singapore,Regular
C003541,Individual,India,Regular
C003542,Business,India,Gold
C003543,Individual,UK,New
C003544,Individual,India,Gold
C003545,Business,India,New
C003546,Individual,India,Silver
C003547,Individual,UK,Regular
C003548,Couple,India,Regular
C003549,Individual,India,Gold
C003550,Couple,India,New
C003551,Business,Australia,Regular
C003552,Individual,India,Regular
C003553,Family,India,Gold
C003554,Couple,India,New
C003555,Individual,India,Gold
C003556,Family,India,Regular
C003557,Individual,India,New
C003558,Couple,India,Silver
C003559,Individual,UK,New
C003560,Couple,UAE,Regular
C003561,Individual,India,New
C003562,Business,Singapore,Regular
C003563,Individual,India,Silver
C003564,Couple,Singapore,Regular
C003565,Couple,India,Regular
C003566,Family,India,Regular
C003567,Family,Australia,New
C003568,Family,Singapore,Regular
C003569,Business,India,Platinum
C003570,Business,India,Gold
C003571,Individual,India,New
C003572,Couple,India,New
C003573,Business,India,Platinum
C003574,Group,India,Regular
C003575,Business,Singapore,Regular
C003576,Couple,India,Gold
C003577,Individual,India,Regular
C003578,Couple,India,Regular
C003579,Family,India,Platinum
C003580,Couple,India,Silver
C003581,Couple,India,New
C003582,Business,UK,New
C003583,Couple,Singapore,New
C003584,Business,India,Silver
C003585,Couple,India,New
C003586,Individual,India,New
C003587,Couple,Singapore,Platinum
C003588,Business,UK,New
C003589,Individual,India,New
C003590,Individual,India,New
C003591,Group,UAE,New
C003592,Individual,India,Regular
C003593,Couple,India,Platinum
C003594,Family,Australia,Gold
C003595,Couple,USA,Regular
C003596,Family,India,Regular
C003597,Individual,India,Regular
C003598,Couple,India,New
C003599,Couple,India,New
C003600,Family,India,Platinum
C003601,Individual,India,New
C003602,Family,USA,New
C003603,Individual,Singapore,Regular
C003604,Individual,India,Regular
C003605,Individual,India,New
C003606,Individual,India,New
C003607,Business,India,Regular
C003608,Individual,India,Silver
C003609,Group,India,New
C003610,Group,Singapore,Regular
C003611,Family,India,Regular
C003612,Individual,Australia,Gold
C003613,Couple,Germany,Regular
C003614,Business,India,New
C003615,Couple,India,Regular
C003616,Individual,Canada,Silver
C003617,Couple,Canada,New
C003618,Business,India,Regular
C003619,Business,India,New
C003620,Individual,India,New
C003621,Family,Germany,Regular
C003622,Individual,India,New
C003623,Individual,India,Gold
C003624,Business,UAE,Silver
C003625,Individual,India,Regular
C003626,Individual,India,Regular
C003627,Individual,India,Regular
C003628,Business,Singapore,New
C003629,Business,India,Gold
C003630,Family,India,Platinum
C003631,Business,India,New
C003632,Individual,India,New
C003633,Couple,India,New
C003634,Couple,India,Silver
C003635,Individual,India,Silver
C003636,Couple,UK,Gold
C003637,Group,UK,Silver
C003638,Individual,India,Regular
C003639,Individual,India,Silver
C003640,Individual,India,Silver
C003641,Individual,UAE,Regular
C003642,Group,India,Regular
C003643,Couple,India,Silver
C003644,Couple,India,Regular
C003645,Business,India,Silver
C003646,Individual,India,Silver
C003647,Couple,India,Silver
C003648,Couple,India,Silver
C003649,Family,USA,Regular
C003650,Group,India,Silver
C003651,Business,India,Regular
C003652,Couple,India,New
C003653,Business,India,New
C003654,Individual,India,Regular
C003655,Individual,India,Regular
C003656,Individual,India,Platinum
C003657,Individual,India,Regular
C003658,Couple,India,Regular
C003659,Family,India,New
C003660,Group,Singapore,New
C003661,Couple,India,Silver
C003662,Couple,India,New
C003663,Individual,India,Silver
C003664,Individual,India,Silver
C003665,Couple,India,Regular
C003666,Couple,India,Gold
C003667,Business,USA,Regular
C003668,Individual,India,New
C003669,Individual,India,Gold
C003670,Couple,UAE,Gold
C003671,Individual,Canada,New
C003672,Individual,India,New
C003673,Family,India,New
C003674,Individual,India,New
C003675,Family,India,Platinum
C003676,Individual,India,Regular
C003677,Individual,India,Regular
C003678,Couple,USA,Gold
C003679,Business,India,Regular
C003680,Couple,India,Regular
C003681,Business,India,Platinum
C003682,Individual,UK,Gold
C003683,Business,India,Gold
C003684,Individual,India,Regular
C003685,Family,India,Gold
C003686,Couple,India,New
C003687,Group,India,Regular
C003688,Couple,India,Platinum
C003689,Individual,India,New
C003690,Individual,India,Gold
C003691,Business,India,Regular
C003692,Couple,India,New
C003693,Business,India,Silver
C003694,Individual,India,New
C003695,Individual,India,Silver
C003696,Individual,India,New
C003697,Group,Canada,Platinum
C003698,Family,India,New
C003699,Group,India,New
C003700,Individual,India,New
C003701,Family,Australia,Platinum
C003702,Family,UAE,Silver
C003703,Individual,India,Silver
C003704,Business,India,Regular
C003705,Group,India,Regular
C003706,Business,India,New
C003707,Family,USA,Regular
C003708,Individual,India,New
C003709,Individual,India,Platinum
C003710,Group,USA,Gold
C003711,Individual,UK,Regular
C003712,Family,India,New
C003713,Family,India,Gold
C003714,Family,India,New
C003715,Group,Singapore,New
C003716,Individual,UAE,New
C003717,Individual,India,Regular
C003718,Individual,India,Gold
C003719,Couple,Singapore,Regular
C003720,Individual,India,New
C003721,Individual,India,Regular
C003722,Business,USA,Silver
C003723,Group,India,New
C003724,Individual,India,New
C003725,Couple,Singapore,Platinum
C003726,Group,USA,Platinum
C003727,Individual,India,Platinum
C003728,Individual,India,Gold
C003729,Individual,India,New
C003730,Family,India,New
C003731,Individual,India,Regular
C003732,Group,USA,Regular
C003733,Couple,India,Platinum
C003734,Couple,India,Gold
C003735,Individual,India,Silver
C003736,Couple,Germany,New
C003737,Family,India,Gold
C003738,Business,India,Gold
C003739,Business,India,New
C003740,Family,India,Gold
C003741,Group,India,New
C003742,Business,India,New
C003743,Business,India,Silver
C003744,Individual,India,Silver
C003745,Individual,India,New
C003746,Individual,India,Regular
C003747,Family,India,Platinum
C003748,Couple,India,Silver
C003749,Couple,India,Silver
C003750,Business,India,New
C003751,Business,India,New
C003752,Group,India,New
C003753,Individual,India,New
C003754,Family,India,New
C003755,Individual,Canada,New
C003756,Individual,UAE,Regular
C003757,Individual,India,Regular
C003758,Individual,India,Gold
C003759,Couple,India,New
C003760,Business,India,Regular
C003761,Individual,India,New
C003762,Family,India,Regular
C003763,Couple,India,New
C003764,Individual,Singapore,Platinum
C003765,Couple,India,Gold
C003766,Individual,UK,Regular
C003767,Family,UK,New
C003768,Couple,India,Regular
C003769,Individual,India,Silver
C003770,Individual,India,New
C003771,Couple,India,Regular
C003772,Group,India,Gold
C003773,Individual,India,Silver
C003774,Family,India,Gold
C003775,Family,Canada,Gold
C003776,Group,India,Platinum
C003777,Business,Germany,Regular
C003778,Couple,India,Regular
C003779,Family,UK,Gold
C003780,Business,India,Silver
C003781,Couple,India,Platinum
C003782,Individual,UAE,New
C003783,Individual,India,Regular
C003784,Business,India,New
C003785,Business,India,New
C003786,Individual,India,New
C003787,Family,India,Silver
C003788,Couple,USA,New
C003789,Individual,India,Silver
C003790,Group,India,Silver
C003791,Individual,Singapore,New
C003792,Individual,India,New
C003793,Family,India,Silver
C003794,Family,USA,Silver
C003795,Individual,India,Gold
C003796,Family,India,Gold
C003797,Couple,India,Platinum
C003798,Individual,India,Regular
C003799,Individual,India,Gold
C003800,Couple,India,Gold
C003801,Individual,UK,Gold
C003802,Group,India,New
C003803,Business,India,Platinum
C003804,Group,Germany,Regular
C003805,Individual,India,Gold
C003806,Group,UAE,New
C003807,Couple,India,Regular
C003808,Individual,UK,New
C003809,Individual,India,New
C003810,Individual,India,New
C003811,Family,India,Gold
C003812,Couple,India,New
C003813,Individual,UAE,Regular
C003814,Family,India,New
C003815,Individual,India,Regular
C003816,Family,USA,New
C003817,Couple,India,New
C003818,Business,India,Regular
C003819,Business,India,Silver
C003820,Couple,India,New
C003821,Couple,India,New
C003822,Couple,Germany,New
C003823,Business,India,Platinum
C003824,Individual,India,Regular
C003825,Individual,Singapore,Regular
C003826,Individual,India,New
C003827,Couple,India,Regular
C003828,Couple,India,New
C003829,Business,India,New
C003830,Individual,India,Regular
C003831,Couple,India,Regular
C003832,Business,India,New
C003833,Business,USA,Silver
C003834,Couple,India,Platinum
C003835,Couple,Canada,Regular
C003836,Individual,India,Silver
C003837,Group,India,Platinum
C003838,Individual,India,Gold
C003839,Group,Australia,Regular
C003840,Family,India,Silver
C003841,Couple,India,New
C003842,Individual,UAE,Regular
C003843,Couple,India,New
C003844,Couple,Singapore,New
C003845,Individual,India,Regular
C003846,Family,USA,New
C003847,Group,Australia,Silver
C003848,Couple,India,Regular
C003849,Family,India,Regular
C003850,Individual,India,New
C003851,Couple,Australia,New
C003852,Individual,India,Regular
C003853,Family,India,Platinum
C003854,Group,India,New
C003855,Family,India,New
C003856,Individual,India,Gold
C003857,Couple,India,New
C003858,Couple,India,Gold
C003859,Couple,India,Regular
C003860,Business,India,Regular
C003861,Business,India,Regular
C003862,Family,UAE,New
C003863,Couple,Singapore,Regular
C003864,Individual,India,Gold
C003865,Individual,India,Silver
C003866,Couple,India,Silver
C003867,Couple,India,Gold
C003868,Family,India,New
C003869,Family,India,Silver
C003870,Individual,India,Regular
C003871,Couple,Australia,Gold
C003872,Individual,India,Regular
C003873,Individual,India,Silver
C003874,Business,India,Gold
C003875,Individual,Australia,Regular
C003876,Couple,India,New
C003877,Individual,India,Regular
C003878,Business,India,Regular
C003879,Couple,India,Silver
C003880,Individual,India,Platinum
C003881,Couple,India,Regular
C003882,Family,India,Regular
C003883,Group,India,Silver
C003884,Individual,India,New
C003885,Business,UAE,New
C003886,Group,India,Gold
C003887,Group,USA,Silver
C003888,Family,India,New
C003889,Family,India,New
C003890,Couple,India,Silver
C003891,Business,India,Silver
C003892,Couple,UAE,Gold
C003893,Family,Germany,New
C003894,Couple,India,Platinum
C003895,Family,India,Regular
C003896,Business,India,Silver
C003897,Individual,India,Regular
C003898,Business,India,New
C003899,Couple,India,Platinum
C003900,Business,Canada,New
C003901,Couple,India,New
C003902,Couple,Australia,Gold
C003903,Group,UK,Silver
C003904,Individual,USA,Gold
C003905,Business,India,Regular
C003906,Couple,India,Regular
C003907,Couple,India,Platinum
C003908,Individual,India,New
C003909,Family,India,Gold
C003910,Individual,Germany,New
C003911,Individual,USA,Gold
C003912,Individual,UK,New
C003913,Individual,Singapore,Regular
C003914,Group,India,Gold
C003915,Group,India,Regular
C003916,Couple,India,Silver
C003917,Family,India,Gold
C003918,Individual,UAE,Silver
C003919,Family,India,Platinum
C003920,Business,India,Regular
C003921,Group,India,New
C003922,Couple,India,New
C003923,Business,India,New
C003924,Individual,UAE,New
C003925,Group,India,Regular
C003926,Individual,India,New
C003927,Family,India,New
C003928,Family,India,New
C003929,Family,India,Gold
C003930,Individual,Germany,Regular
C003931,Group,India,Regular
C003932,Individual,India,Gold
C003933,Family,India,New
C003934,Individual,India,Platinum
C003935,Individual,India,Silver
C003936,Couple,India,New
C003937,Couple,India,Silver
C003938,Individual,Singapore,Silver
C003939,Individual,India,Regular
C003940,Couple,India,Gold
C003941,Business,India,New
C003942,Business,India,New
C003943,Individual,Singapore,New
C003944,Couple,Australia,New
C003945,Individual,India,New
C003946,Individual,Singapore,Gold
C003947,Family,UK,New
C003948,Family,Australia,Regular
C003949,Individual,India,Regular
C003950,Individual,India,Gold
C003951,Individual,India,Platinum
C003952,Business,UAE,Silver
C003953,Group,India,Platinum
C003954,Individual,India,Gold
C003955,Individual,India,Platinum
C003956,Business,India,Silver
C003957,Group,India,New
C003958,Couple,UAE,Regular
C003959,Individual,India,Silver
C003960,Individual,UAE,Regular
C003961,Family,India,New
C003962,Couple,India,Regular
C003963,Individual,India,Platinum
C003964,Family,India,New
C003965,Individual,India,Silver
C003966,Business,India,Silver
C003967,Individual,India,Platinum
C003968,Individual,USA,Platinum
C003969,Family,India,Silver
C003970,Couple,India,Regular
C003971,Group,India,New
C003972,Couple,India,Regular
C003973,Individual,India,Silver
C003974,Family,India,Gold
C003975,Individual,India,Gold
C003976,Group,India,New
C003977,Couple,India,Regular
C003978,Couple,USA,Regular
C003979,Individual,India,New
C003980,Couple,India,New
C003981,Business,USA,New
C003982,Business,India,Gold
C003983,Individual,India,New
C003984,Individual,India,New
C003985,Business,India,Platinum
C003986,Group,India,Regular
C003987,Individual,India,New
C003988,Couple,Canada,New
C003989,Individual,UAE,New
C003990,Business,India,New
C003991,Individual,India,New
C003992,Individual,India,Regular
C003993,Business,India,New
C003994,Individual,India,Regular
C003995,Couple,India,Gold
C003996,Couple,India,Regular
C003997,Individual,India,Gold
C003998,Couple,Germany,Regular
C003999,Couple,India,Regular
C004000,Individual,Australia,Silver
C004001,Family,Australia,New
C004002,Business,India,New
C004003,Business,USA,Silver
C004004,Individual,India,Regular
C004005,Individual,India,Gold
C004006,Individual,India,Gold
C004007,Couple,India,Regular
C004008,Couple,India,Regular
C004009,Family,India,Regular
C004010,Individual,India,Platinum
C004011,Individual,India,Gold
C004012,Couple,India,Gold
C004013,Family,India,New
C004014,Individual,India,Silver
C004015,Family,India,New
C004016,Individual,India,New
C004017,Business,India,Platinum
C004018,Business,UAE,New
C004019,Individual,India,Platinum
C004020,Individual,India,New
C004021,Couple,India,Gold
C004022,Individual,Singapore,New
C004023,Family,India,Regular
C004024,Business,India,New
C004025,Family,India,Regular
C004026,Business,India,Regular
C004027,Couple,India,Silver
C004028,Individual,India,New
C004029,Family,Germany,New
C004030,Couple,India,New
C004031,Family,India,Regular
C004032,Individual,USA,Gold
C004033,Individual,India,Gold
C004034,Group,UAE,New
C004035,Individual,India,Regular
C004036,Group,USA,Silver
C004037,Group,India,New
C004038,Business,UAE,Regular
C004039,Family,USA,Regular
C004040,Family,India,New
C004041,Business,India,New
C004042,Individual,India,New
C004043,Couple,Germany,Silver
C004044,Family,India,New
C004045,Couple,India,New
C004046,Couple,India,Regular
C004047,Individual,India,New
C004048,Couple,India,New
C004049,Business,Canada,Gold
C004050,Individual,India,New
C004051,Group,UAE,Silver
C004052,Family,India,Regular
C004053,Business,India,Silver
C004054,Couple,India,Regular
C004055,Business,India,New
C004056,Individual,Canada,Gold
C004057,Business,UAE,Regular
C004058,Individual,India,Gold
C004059,Business,India,Regular
C004060,Group,India,Platinum
C004061,Individual,Australia,Silver
C004062,Individual,UAE,Platinum
C004063,Business,UK,Regular
C004064,Individual,India,Regular
C004065,Business,India,Silver
C004066,Individual,India,Gold
C004067,Individual,India,Platinum
C004068,Group,India,Regular
C004069,Family,India,Gold
C004070,Business,India,New
C004071,Individual,Singapore,Regular
C004072,Family,USA,New
C004073,Family,India,Regular
C004074,Family,India,Platinum
C004075,Family,India,New
C004076,Family,USA,Silver
C004077,Couple,UK,Regular
C004078,Individual,UK,New
C004079,Business,USA,Regular
C004080,Individual,India,Regular
C004081,Family,India,New
C004082,Individual,India,Gold
C004083,Family,India,Platinum
C004084,Family,USA,New
C004085,Individual,India,New
C004086,Individual,India,Regular
C004087,Individual,India,Silver
C004088,Family,Germany,New
C004089,Business,India,New
C004090,Individual,India,Regular
C004091,Family,India,Platinum
C004092,Individual,India,Regular
C004093,Couple,India,Regular
C004094,Group,USA,Platinum
C004095,Individual,India,Silver
C004096,Couple,Singapore,Silver
C004097,Individual,India,Regular
C004098,Individual,India,Platinum
C004099,Individual,Australia,Silver
C004100,Individual,India,Gold
C004101,Family,India,Silver
C004102,Couple,UK,Silver
C004103,Couple,India,New
C004104,Individual,USA,Regular
C004105,Individual,India,Gold
C004106,Family,India,New
C004107,Group,India,Regular
C004108,Individual,UAE,New
C004109,Business,India,Gold
C004110,Family,USA,New
C004111,Couple,Canada,Gold
C004112,Couple,India,Silver
C004113,Individual,India,New
C004114,Individual,India,Regular
C004115,Family,India,New
C004116,Individual,India,Regular
C004117,Group,India,Regular
C004118,Couple,Germany,New
C004119,Individual,Australia,Platinum
C004120,Family,Singapore,New
C004121,Individual,Singapore,Silver
C004122,Couple,India,Regular
C004123,Family,India,Silver
C004124,Group,Singapore,Regular
C004125,Business,India,Silver
C004126,Family,Canada,Silver
C004127,Family,India,Silver
C004128,Group,India,New
C004129,Individual,USA,Silver
C004130,Individual,Canada,New
C004131,Individual,India,New
C004132,Individual,USA,Regular
C004133,Family,India,Regular
C004134,Family,India,Regular
C004135,Family,UK,Silver
C004136,Individual,India,Regular
C004137,Family,India,Regular
C004138,Individual,India,New
C004139,Family,India,Silver
C004140,Couple,India,Regular
C004141,Individual,India,Regular
C004142,Individual,India,Silver
C004143,Individual,Canada,Regular
C004144,Business,India,Regular
C004145,Group,USA,Regular
C004146,Family,India,Silver
C004147,Individual,India,Silver
C004148,Couple,India,New
C004149,Family,India,New
C004150,Business,India,New
C004151,Individual,India,Silver
C004152,Individual,India,Gold
C004153,Family,India,Regular
C004154,Couple,India,New
C004155,Individual,India,Silver
C004156,Individual,India,Gold
C004157,Couple,Australia,Gold
C004158,Business,India,Silver
C004159,Group,India,Gold
C004160,Couple,India,New
C004161,Couple,Australia,New
C004162,Individual,India,New
C004163,Couple,UK,Silver
C004164,Couple,India,New
C004165,Family,Canada,Regular
C004166,Couple,UAE,Regular
C004167,Individual,UAE,Regular
C004168,Individual,India,Gold
C004169,Individual,India,New
C004170,Individual,India,Regular
C004171,Individual,India,Silver
C004172,Group,UAE,New
C004173,Couple,India,Silver
C004174,Couple,India,Gold
C004175,Business,India,Platinum
C004176,Group,India,Gold
C004177,Family,India,Regular
C004178,Business,UK,Regular
C004179,Individual,India,New
C004180,Individual,India,New
C004181,Couple,India,New
C004182,Family,India,Regular
C004183,Family,India,Gold
C004184,Individual,India,Regular
C004185,Individual,USA,Regular
C004186,Family,USA,Regular
C004187,Individual,USA,Regular
C004188,Family,India,Platinum
C004189,Family,Canada,New
C004190,Family,UAE,Silver
C004191,Business,Australia,Regular
C004192,Business,India,New
C004193,Couple,Australia,Regular
C004194,Family,UK,Gold
C004195,Family,UAE,New
C004196,Individual,India,New
C004197,Individual,USA,New
C004198,Individual,Canada,Silver
C004199,Couple,India,Silver
C004200,Family,India,Regular
C004201,Business,Canada,Regular
C004202,Individual,India,Gold
C004203,Individual,India,Silver
C004204,Group,India,Gold
C004205,Individual,Australia,Gold
C004206,Couple,India,Silver
C004207,Family,India,Regular
C004208,Couple,India,Gold
C004209,Individual,UK,Platinum
C004210,Individual,India,New
C004211,Individual,Australia,New
C004212,Family,Canada,Platinum
C004213,Couple,India,New
C004214,Individual,India,Gold
C004215,Family,India,Regular
C004216,Business,India,New
C004217,Individual,India,New
C004218,Couple,Australia,New
C004219,Family,UAE,New
C004220,Individual,India,Regular
C004221,Individual,India,Silver
C004222,Family,India,Platinum
C004223,Business,India,Regular
C004224,Business,India,Regular
C004225,Family,Singapore,Regular
C004226,Family,Australia,Regular
C004227,Couple,India,Regular
C004228,Family,Singapore,New
C004229,Couple,India,New
C004230,Individual,USA,New
C004231,Family,India,New
C004232,Couple,India,Silver
C004233,Couple,Australia,New
C004234,Group,India,Gold
C004235,Individual,USA,Platinum
C004236,Individual,India,Platinum
C004237,Individual,India,Platinum
C004238,Business,India,New
C004239,Family,India,Regular
C004240,Individual,India,New
C004241,Family,India,Gold
C004242,Couple,India,Gold
C004243,Business,India,Gold
C004244,Couple,USA,Regular
C004245,Couple,India,Silver
C004246,Group,Australia,New
C004247,Individual,India,New
C004248,Individual,India,Silver
C004249,Family,India,Regular
C004250,Group,India,Platinum
C004251,Couple,India,New
C004252,Individual,India,Gold
C004253,Individual,India,Regular
C004254,Couple,India,Gold
C004255,Individual,UK,Gold
C004256,Family,India,Gold
C004257,Group,India,New
C004258,Couple,India,Platinum
C004259,Couple,UK,New
C004260,Couple,India,New
C004261,Individual,India,Regular
C004262,Business,India,Gold
C004263,Couple,India,Regular
C004264,Couple,India,Gold
C004265,Family,UAE,Silver
C004266,Couple,India,New
C004267,Family,India,Platinum
C004268,Individual,India,New
C004269,Business,India,Gold
C004270,Group,India,Regular
C004271,Family,India,Regular
C004272,Group,India,Regular
C004273,Individual,India,New
C004274,Couple,India,Regular
C004275,Family,USA,New
C004276,Family,India,New
C004277,Couple,India,New
C004278,Individual,India,Regular
C004279,Individual,India,Gold
C004280,Couple,India,Regular
C004281,Individual,India,Gold
C004282,Family,Canada,Silver
C004283,Individual,USA,Silver
C004284,Individual,India,Silver
C004285,Couple,UAE,Regular
C004286,Family,USA,Silver
C004287,Business,India,New
C004288,Family,UAE,Gold
C004289,Individual,India,Silver
C004290,Business,India,New
C004291,Couple,India,Silver
C004292,Individual,India,New
C004293,Couple,India,New
C004294,Group,India,New
C004295,Couple,Canada,Gold
C004296,Individual,Australia,Silver
C004297,Individual,Singapore,Gold
C004298,Individual,UK,New
C004299,Couple,Canada,Regular
C004300,Family,India,Silver
C004301,Individual,India,New
C004302,Group,India,Silver
C004303,Business,UAE,New
C004304,Family,India,New
C004305,Business,USA,Regular
C004306,Individual,India,Silver
C004307,Couple,India,New
C004308,Family,USA,New
C004309,Business,India,New
C004310,Business,India,New
C004311,Individual,India,New
C004312,Group,India,Regular
C004313,Individual,USA,Silver
C004314,Business,India,Regular
C004315,Group,India,Silver
C004316,Individual,India,Silver
C004317,Family,UK,New
C004318,Individual,India,New
C004319,Couple,India,Gold
C004320,Couple,USA,New
C004321,Family,India,New
C004322,Group,Singapore,New
C004323,Family,India,Silver
C004324,Couple,India,Regular
C004325,Business,India,Platinum
C004326,Group,Canada,Gold
C004327,Individual,USA,Regular
C004328,Group,India,Regular
C004329,Individual,India,New
C004330,Business,UK,New
C004331,Individual,India,New
C004332,Individual,UK,New
C004333,Couple,India,New
C004334,Family,USA,New
C004335,Couple,India,Regular
C004336,Individual,India,Platinum
C004337,Family,India,Regular
C004338,Group,Germany,Platinum
C004339,Couple,India,Regular
C004340,Individual,India,Regular
C004341,Couple,India,Regular
C004342,Individual,India,New
C004343,Business,UAE,New
C004344,Business,UK,Platinum
C004345,Family,India,Platinum
C004346,Couple,Germany,New
C004347,Business,USA,New
C004348,Couple,Singapore,Regular
C004349,Business,India,New
C004350,Family,UAE,Regular
C004351,Business,India,New
C004352,Family,India,Regular
C004353,Couple,Singapore,New
C004354,Group,India,Regular
C004355,Couple,India,New
C004356,Family,UK,Regular
C004357,Individual,UAE,Platinum
C004358,Family,India,Regular
C004359,Family,UAE,Gold
C004360,Individual,India,Gold
C004361,Individual,India,Platinum
C004362,Family,UAE,Gold
C004363,Business,India,Silver
C004364,Couple,India,Gold
C004365,Individual,India,New
C004366,Family,India,Regular
C004367,Individual,India,Platinum
C004368,Couple,UK,Silver
C004369,Individual,UK,Platinum
C004370,Individual,India,Silver
C004371,Individual,UK,Gold
C004372,Couple,India,Silver
C004373,Individual,India,Silver
C004374,Couple,Singapore,Regular
C004375,Couple,India,Platinum
C004376,Couple,India,Gold
C004377,Couple,India,Gold
C004378,Business,India,Silver
C004379,Individual,Singapore,Regular
C004380,Couple,India,New
C004381,Individual,India,Platinum
C004382,Individual,India,Regular
C004383,Family,India,New
C004384,Couple,India,New
C004385,Business,India,Gold
C004386,Couple,Singapore,Gold
C004387,Group,Australia,Gold
C004388,Individual,India,Silver
C004389,Individual,India,Regular
C004390,Individual,India,Regular
C004391,Individual,Canada,New
C004392,Couple,Germany,Gold
C004393,Family,India,New
C004394,Individual,USA,Silver
C004395,Group,India,Regular
C004396,Business,India,Regular
C004397,Individual,India,Platinum
C004398,Individual,India,New
C004399,Individual,India,Silver
C004400,Individual,India,New
C004401,Individual,India,New
C004402,Couple,India,Regular
C004403,Individual,India,New
C004404,Couple,India,Gold
C004405,Group,India,Regular
C004406,Family,India,New
C004407,Group,India,New
C004408,Individual,India,Silver
C004409,Couple,India,Gold
C004410,Couple,India,Regular
C004411,Individual,India,Regular
C004412,Individual,India,Gold
C004413,Family,USA,Silver
C004414,Family,India,New
C004415,Couple,India,Silver
C004416,Couple,India,Silver
C004417,Couple,India,Silver
C004418,Individual,India,Silver
C004419,Individual,India,Platinum
C004420,Individual,India,New
C004421,Individual,Australia,Platinum
C004422,Group,India,Regular
C004423,Family,India,Silver
C004424,Family,India,New
C004425,Individual,Canada,Regular
C004426,Couple,UK,Silver
C004427,Individual,India,Silver
C004428,Individual,UAE,New
C004429,Individual,India,Regular
C004430,Business,UAE,New
C004431,Family,UAE,Platinum
C004432,Couple,India,Gold
C004433,Couple,USA,New
C004434,Group,India,Gold
C004435,Individual,India,Gold
C004436,Individual,India,Regular
C004437,Individual,USA,Silver
C004438,Business,India,Regular
C004439,Group,India,Silver
C004440,Individual,USA,Regular
C004441,Business,India,Regular
C004442,Business,India,Regular
C004443,Individual,India,New
C004444,Couple,India,Gold
C004445,Couple,India,Regular
C004446,Group,India,Regular
C004447,Individual,Germany,Gold
C004448,Business,USA,Regular
C004449,Individual,India,Regular
C004450,Family,India,Platinum
C004451,Couple,India,Gold
C004452,Family,India,New
C004453,Business,India,Regular
C004454,Business,India,Platinum
C004455,Business,UAE,Regular
C004456,Individual,India,Regular
C004457,Family,India,New
C004458,Individual,Singapore,New
C004459,Couple,India,Silver
C004460,Couple,India,Silver
C004461,Couple,India,Platinum
C004462,Couple,India,Silver
C004463,Group,USA,New
C004464,Individual,India,New
C004465,Family,UAE,Platinum
C004466,Couple,Canada,Regular
C004467,Individual,Australia,Regular
C004468,Individual,Australia,Gold
C004469,Group,India,Regular
C004470,Business,India,New
C004471,Group,India,Gold
C004472,Group,India,Platinum
C004473,Individual,Singapore,New
C004474,Couple,India,Gold
C004475,Family,Australia,Regular
C004476,Couple,UAE,Regular
C004477,Couple,Germany,Gold
C004478,Couple,Singapore,Platinum
C004479,Family,India,New
C004480,Family,India,New
C004481,Individual,India,New
C004482,Couple,India,Regular
C004483,Couple,India,New
C004484,Family,UK,Regular
C004485,Individual,Singapore,New
C004486,Family,India,Regular
C004487,Individual,India,New
C004488,Couple,India,Gold
C004489,Business,India,New
C004490,Couple,India,Regular
C004491,Individual,India,Gold
C004492,Family,India,Silver
C004493,Couple,India,New
C004494,Business,India,New
C004495,Family,India,Silver
C004496,Family,India,Regular
C004497,Couple,India,Silver
C004498,Individual,India,Regular
C004499,Individual,Canada,Regular
C004500,Couple,India,Regular
C004501,Family,India,Silver
C004502,Couple,USA,Gold
C004503,Individual,India,New
C004504,Individual,Australia,Regular
C004505,Couple,India,New
C004506,Individual,India,Regular
C004507,Family,India,Gold
C004508,Individual,India,Regular
C004509,Family,India,Platinum
C004510,Group,India,Silver
C004511,Individual,India,Platinum
C004512,Couple,India,Silver
C004513,Individual,India,New
C004514,Family,India,New
C004515,Couple,India,Regular
C004516,Couple,India,New
C004517,Couple,India,Regular
C004518,Business,USA,Regular
C004519,Individual,India,Platinum
C004520,Individual,India,Regular
C004521,Business,India,Gold
C004522,Family,India,Platinum
C004523,Business,Australia,Gold
C004524,Family,India,New
C004525,Business,India,Regular
C004526,Couple,India,Regular
C004527,Family,Singapore,Regular
C004528,Group,India,Regular
C004529,Family,Germany,Gold
C004530,Individual,Canada,Regular
C004531,Individual,India,Regular
C004532,Individual,Australia,Platinum
C004533,Individual,India,New
C004534,Individual,UAE,Regular
C004535,Couple,India,Silver
C004536,Family,India,New
C004537,Couple,India,Silver
C004538,Family,UK,New
C004539,Individual,India,Gold
C004540,Individual,India,Regular
C004541,Individual,India,Regular
C004542,Couple,India,Regular
C004543,Individual,India,New
C004544,Individual,India,New
C004545,Couple,India,Regular
C004546,Business,India,Regular
C004547,Individual,India,Regular
C004548,Family,India,Regular
C004549,Family,India,Regular
C004550,Business,Canada,Silver
C004551,Group,India,Regular
C004552,Individual,Canada,New
C004553,Individual,USA,Silver
C004554,Business,India,Gold
C004555,Couple,India,New
C004556,Couple,UAE,Regular
C004557,Family,India,Regular
C004558,Family,India,Regular
C004559,Group,India,Silver
C004560,Group,India,New
C004561,Family,UAE,Silver
C004562,Individual,India,New
C004563,Business,India,Regular
C004564,Individual,India,Gold
C004565,Individual,India,Regular
C004566,Business,India,New
C004567,Individual,India,Platinum
C004568,Individual,Singapore,Gold
C004569,Individual,India,Silver
C004570,Business,UAE,Regular
C004571,Couple,India,New
C004572,Family,India,Platinum
C004573,Individual,India,Regular
C004574,Business,India,Gold
C004575,Business,India,Regular
C004576,Individual,India,Regular
C004577,Couple,USA,Platinum
C004578,Individual,USA,Regular
C004579,Group,India,New
C004580,Family,India,New
C004581,Group,India,Regular
C004582,Individual,India,New
C004583,Business,India,Regular
C004584,Business,India,Regular
C004585,Family,Canada,Silver
C004586,Group,UK,Regular
C004587,Couple,India,Platinum
C004588,Individual,India,New
C004589,Family,India,Regular
C004590,Family,UK,New
C004591,Family,India,Silver
C004592,Individual,India,Platinum
C004593,Couple,USA,Gold
C004594,Individual,India,Regular
C004595,Couple,India,Regular
C004596,Family,India,Gold
C004597,Family,India,Platinum
C004598,Individual,India,Platinum
C004599,Couple,India,Regular
C004600,Individual,India,Platinum
C004601,Individual,India,New
C004602,Business,UK,New
C004603,Group,India,New
C004604,Couple,India,New
C004605,Business,India,Silver
C004606,Business,UK,Gold
C004607,Business,UAE,Silver
C004608,Individual,India,Silver
C004609,Group,India,Regular
C004610,Couple,USA,Silver
C004611,Individual,India,Regular
C004612,Individual,India,Gold
C004613,Couple,Australia,Silver
C004614,Individual,India,Silver
C004615,Individual,Germany,Regular
C004616,Individual,Singapore,Gold
C004617,Business,India,New
C004618,Business,Australia,Regular
C004619,Individual,USA,Silver
C004620,Business,India,Regular
C004621,Business,India,Gold
C004622,Business,India,Regular
C004623,Individual,India,Regular
C004624,Family,USA,Gold
C004625,Group,India,Regular
C004626,Family,India,Regular
C004627,Individual,India,Regular
C004628,Couple,Singapore,New
C004629,Family,India,Silver
C004630,Couple,India,New
C004631,Individual,India,Gold
C004632,Individual,India,Silver
C004633,Business,India,New
C004634,Business,India,Silver
C004635,Individual,India,Silver
C004636,Group,India,New
C004637,Individual,Australia,New
C004638,Family,India,Regular
C004639,Business,India,Silver
C004640,Business,India,Silver
C004641,Group,India,Regular
C004642,Individual,India,Silver
C004643,Business,India,Silver
C004644,Individual,India,Silver
C004645,Family,India,Gold
C004646,Family,India,Regular
C004647,Family,UK,Gold
C004648,Individual,India,Silver
C004649,Business,India,Gold
C004650,Individual,India,Regular
C004651,Individual,India,New
C004652,Family,India,Regular
C004653,Couple,India,Regular
C004654,Business,India,Silver
C004655,Couple,India,Regular
C004656,Individual,India,Gold
C004657,Business,Canada,Silver
C004658,Couple,India,Silver
C004659,Individual,India,New
C004660,Family,UAE,Platinum
C004661,Couple,India,Gold
C004662,Family,India,Gold
C004663,Couple,India,Regular
C004664,Business,India,Regular
C004665,Business,India,New
C004666,Family,USA,Regular
C004667,Individual,India,New
C004668,Business,India,Regular
C004669,Family,USA,Silver
C004670,Family,UK,Regular
C004671,Couple,India,Regular
C004672,Business,India,Gold
C004673,Family,India,New
C004674,Individual,India,Gold
C004675,Couple,India,New
C004676,Business,India,New
C004677,Individual,Canada,New
C004678,Group,India,Silver
C004679,Family,India,Regular
C004680,Family,India,Gold
C004681,Individual,India,Regular
C004682,Individual,India,New
C004683,Group,India,Silver
C004684,Individual,UAE,New
C004685,Business,India,Gold
C004686,Couple,India,New
C004687,Individual,India,Regular
C004688,Individual,India,Silver
C004689,Couple,India,Platinum
C004690,Group,UAE,Regular
C004691,Couple,Canada,Gold
C004692,Couple,India,New
C004693,Individual,India,Gold
C004694,Couple,UAE,Silver
C004695,Couple,India,New
C004696,Business,India,Regular
C004697,Couple,India,New
C004698,Couple,USA,Regular
C004699,Individual,India,New
C004700,Group,UK,Silver
C004701,Individual,UK,Platinum
C004702,Individual,India,New
C004703,Family,USA,Regular
C004704,Family,UK,Regular
C004705,Couple,India,Gold
C004706,Couple,India,Regular
C004707,Business,India,Regular
C004708,Individual,India,Regular
C004709,Business,India,New
C004710,Family,India,New
C004711,Couple,India,Regular
C004712,Couple,UAE,New
C004713,Individual,India,Regular
C004714,Business,India,Regular
C004715,Couple,India,Regular
C004716,Individual,India,New
C004717,Family,India,Platinum
C004718,Group,India,Gold
C004719,Couple,India,New
C004720,Group,USA,Regular
C004721,Individual,UK,Silver
C004722,Individual,India,New
C004723,Individual,USA,Regular
C004724,Couple,USA,New
C004725,Individual,India,Gold
C004726,Individual,Canada,Gold
C004727,Group,UAE,Regular
C004728,Business,India,Regular
C004729,Family,India,Platinum
C004730,Individual,India,Platinum
C004731,Individual,India,Platinum
C004732,Individual,USA,New
C004733,Family,India,New
C004734,Group,UK,Silver
C004735,Couple,USA,Regular
C004736,Individual,India,New
C004737,Couple,India,New
C004738,Individual,India,Gold
C004739,Couple,India,Gold
C004740,Family,India,Regular
C004741,Family,India,Gold
C004742,Individual,India,Regular
C004743,Individual,UAE,Gold
C004744,Group,India,Regular
C004745,Individual,India,New
C004746,Individual,India,Regular
C004747,Individual,UK,Regular
C004748,Individual,India,Regular
C004749,Couple,India,New
C004750,Business,Australia,Platinum
C004751,Individual,India,New
C004752,Couple,India,New
C004753,Family,India,Regular
C004754,Couple,UK,Regular
C004755,Business,India,Regular
C004756,Business,India,Silver
C004757,Individual,India,Regular
C004758,Business,Germany,Silver
C004759,Couple,India,Silver
C004760,Group,India,New
C004761,Couple,Australia,Regular
C004762,Group,India,Gold
C004763,Business,Germany,New
C004764,Individual,Canada,Regular
C004765,Couple,Singapore,Platinum
C004766,Group,India,Regular
C004767,Business,India,Regular
C004768,Individual,UK,Platinum
C004769,Family,Germany,New
C004770,Individual,India,New
C004771,Individual,UK,Gold
C004772,Couple,India,Gold
C004773,Individual,India,Regular
C004774,Business,India,Regular
C004775,Individual,UK,Gold
C004776,Business,India,Silver
C004777,Individual,India,New
C004778,Individual,Germany,New
C004779,Individual,India,Regular
C004780,Individual,India,Gold
C004781,Individual,India,Gold
C004782,Individual,India,Platinum
C004783,Couple,India,Gold
C004784,Individual,Australia,Regular
C004785,Couple,India,Regular
C004786,Couple,UK,Silver
C004787,Business,India,Silver
C004788,Group,India,Regular
C004789,Couple,India,New
C004790,Individual,India,Platinum
C004791,Individual,India,Regular
C004792,Group,India,Regular
C004793,Individual,India,Silver
C004794,Individual,India,Silver
C004795,Individual,India,New
C004796,Individual,India,Gold
C004797,Individual,Australia,New
C004798,Business,India,New
C004799,Individual,India,Regular
C004800,Family,Australia,Silver
C004801,Individual,UK,Platinum
C004802,Individual,India,Gold
C004803,Group,India,Platinum
C004804,Individual,India,New
C004805,Business,India,New
C004806,Couple,UK,Regular
C004807,Individual,USA,New
C004808,Group,India,Gold
C004809,Individual,Germany,Silver
C004810,Business,India,Platinum
C004811,Individual,India,New
C004812,Business,UAE,Regular
C004813,Individual,India,Regular
C004814,Couple,UK,New
C004815,Business,Canada,Regular
C004816,Group,India,Regular
C004817,Group,India,Regular
C004818,Business,India,Regular
C004819,Business,India,New
C004820,Individual,India,Regular
C004821,Individual,India,Regular
C004822,Individual,USA,New
C004823,Couple,India,Regular
C004824,Couple,India,New
C004825,Couple,India,Regular
C004826,Individual,UK,New
C004827,Family,India,Regular
C004828,Individual,India,Silver
C004829,Individual,UK,Silver
C004830,Couple,India,Gold
C004831,Business,India,Regular
C004832,Family,Singapore,Regular
C004833,Family,India,Gold
C004834,Individual,Germany,Regular
C004835,Couple,India,Silver
C004836,Individual,India,Regular
C004837,Couple,Singapore,Regular
C004838,Couple,India,Silver
C004839,Individual,USA,New
C004840,Individual,UAE,Regular
C004841,Group,UAE,New
C004842,Group,Germany,Regular
C004843,Couple,India,New
C004844,Individual,USA,Regular
C004845,Individual,India,Gold
C004846,Couple,India,Gold
C004847,Group,UAE,Regular
C004848,Individual,India,Platinum
C004849,Business,India,Regular
C004850,Individual,India,Regular
C004851,Group,India,Gold
C004852,Couple,Germany,Silver
C004853,Business,India,Silver
C004854,Individual,India,New
C004855,Family,Singapore,Regular
C004856,Individual,India,Gold
C004857,Individual,India,Regular
C004858,Group,India,Silver
C004859,Group,India,Regular
C004860,Business,India,Gold
C004861,Family,UAE,New
C004862,Business,India,Regular
C004863,Individual,Australia,New
C004864,Individual,UK,Silver
C004865,Individual,India,Silver
C004866,Family,India,New
C004867,Couple,India,Silver
C004868,Individual,India,Regular
C004869,Family,Australia,New
C004870,Business,India,Regular
C004871,Couple,India,New
C004872,Individual,India,Regular
C004873,Individual,India,Regular
C004874,Individual,India,Silver
C004875,Individual,India,Silver
C004876,Family,India,Silver
C004877,Family,India,New
C004878,Family,India,Platinum
C004879,Couple,USA,Silver
C004880,Business,India,New
C004881,Individual,India,Gold
C004882,Couple,India,New
C004883,Business,India,Regular
C004884,Individual,Australia,Regular
C004885,Individual,India,Regular
C004886,Business,India,Gold
C004887,Individual,Singapore,Regular
C004888,Family,UK,New
C004889,Individual,India,Platinum
C004890,Family,India,Platinum
C004891,Individual,USA,Silver
C004892,Individual,India,Regular
C004893,Family,UAE,New
C004894,Individual,USA,Gold
C004895,Couple,USA,New
C004896,Individual,India,New
C004897,Individual,USA,Regular
C004898,Individual,India,New
C004899,Individual,UAE,New
C004900,Group,India,Regular
C004901,Individual,India,New
C004902,Couple,India,New
C004903,Individual,India,New
C004904,Individual,India,New
C004905,Group,Australia,Silver
C004906,Individual,India,Gold
C004907,Group,UAE,Regular
C004908,Individual,India,Regular
C004909,Family,India,New
C004910,Couple,India,New
C004911,Business,India,New
C004912,Couple,Australia,Regular
C004913,Couple,India,Silver
C004914,Individual,India,Silver
C004915,Individual,India,Regular
C004916,Group,Australia,New
C004917,Individual,India,Gold
C004918,Couple,India,Regular
C004919,Business,India,Silver
C004920,Individual,India,Regular
C004921,Group,India,Silver
C004922,Family,Singapore,Gold
C004923,Family,India,Platinum
C004924,Business,India,Regular
C004925,Individual,India,Regular
C004926,Individual,India,New
C004927,Couple,India,Platinum
C004928,Individual,Germany,Regular
C004929,Family,UAE,New
C004930,Group,Singapore,Regular
C004931,Couple,UAE,New
C004932,Individual,India,Regular
C004933,Group,India,Regular
C004934,Couple,India,Regular
C004935,Couple,India,New
C004936,Couple,India,Platinum
C004937,Group,India,Silver
C004938,Couple,India,Gold
C004939,Business,Singapore,Regular
C004940,Business,USA,Silver
C004941,Individual,Australia,Regular
C004942,Couple,India,New
C004943,Business,India,New
C004944,Couple,India,Regular
C004945,Business,India,New
C004946,Group,India,Platinum
C004947,Family,India,New
C004948,Family,India,Regular
C004949,Business,India,Regular
C004950,Business,India,Regular
C004951,Couple,India,Regular
C004952,Individual,India,New
C004953,Couple,India,Gold
C004954,Family,India,Regular
C004955,Couple,India,Regular
C004956,Family,India,Silver
C004957,Couple,USA,Gold
C004958,Family,USA,Gold
C004959,Individual,India,Silver
C004960,Family,India,Regular
C004961,Couple,India,Regular
C004962,Individual,India,Silver
C004963,Individual,India,Gold
C004964,Family,India,New
C004965,Couple,India,Regular
C004966,Individual,India,Silver
C004967,Group,USA,Regular
C004968,Family,India,Regular
C004969,Group,USA,Regular
C004970,Couple,India,Silver
C004971,Couple,India,Platinum
C004972,Business,Germany,Regular
C004973,Couple,Canada,New
C004974,Family,India,New
C004975,Individual,India,New
C004976,Couple,India,Regular
C004977,Individual,India,Regular
C004978,Individual,UAE,New
C004979,Individual,Canada,Silver
C004980,Individual,India,Silver
C004981,Group,India,New
C004982,Individual,India,Regular
C004983,Family,India,Platinum
C004984,Business,Australia,Regular
C004985,Couple,Singapore,Silver
C004986,Individual,India,Regular
C004987,Family,India,Gold
C004988,Family,India,Silver
C004989,Family,India,Silver
C004990,Business,UAE,Gold
C004991,Group,India,Platinum
C004992,Family,India,Regular
C004993,Individual,India,New
C004994,Family,UAE,Regular
C004995,Individual,India,Silver
C004996,Business,UAE,Silver
C004997,Individual,Singapore,New
C004998,Individual,Canada,New
C004999,Business,India,Silver
C005000,Family,India,New
